Год,Тип,Название,Соавторы,Издательство,Темы,Страницы,DOI,EDN,Ссылка,Полное описание
2026,Программа / планирование,Календарно-тематическое планирование образовательной деятельности: в соответствии с ФОП ДО: старшая группа детского сада,Бережнова О.В.; Лыкова И.А.; Петерсон Л.Г.; Бойко В.В.; Григорьева Ю.С.; Гризик Т.И.; Кочемасова Е.Е.,Просвещение,Планирование образовательной деятельности; Дошкольное образование,,,,,"Бережнова О.В., Лыкова И.А., Петерсон Л.Г., Тимофеева Л.Л., Бойко В.В., Григорьева Ю.С., Гризик Т.И., Кочемасова Е.Е. Календарно-тематическое планирование образовательной деятельности: в соответствии с ФОП ДО: старшая группа детского сада; под. ред. О.В. Бережновой. М.: Просвещение, 2026. 235 с"
2026,Статья в сборнике,Компетенции тьютора в обеспечении информационной безопасности обучающихся в цифровой среде,Гурова О.Н.,,Информационная культура и безопасность; Культура безопасности,с. 290–296,,,,"Тимофеева Л.Л., Гурова О.Н. Компетенции тьютора в обеспечении информационной безопасности обучающихся в цифровой среде // Тьюторство в открытом образовательном пространстве: индивидуализация и тьюторство в социальных и профессиональных проектах : Материалы XVIII Международной научно-практической конференции, 29–31 октября 2025 г., г. Москва / под ред. Т. М. Ковалевой, О. Н. Мачехиной, Е. А. Волошиной. М.: ГАОУ ВО МГПУ, ООО ""А-Приор"", 2026. 334 с. С. 290–296"
2026,Статья в журнале,Культура безопасности: этапы эволюции и механизмы репрезентации с древнейших времен до современности,Гафнер В.В.,,Культура безопасности,с. 34–46,,,,"Тимофеева Л.Л., Гафнер В.В. Культура безопасности: этапы эволюции и механизмы репрезентации с древнейших времен до современности // Педагогика. 2026. Т. 90, № 3. С. 34–46"
2026,Статья в журнале,Проблема несоответствия ФГОС НОО и законодательства Российской Федерации в области безопасности,Гафнер В.В.,,Культура безопасности; Планирование образовательной деятельности,с. 7–12,,,,"Гафнер В.В., Тимофеева Л.Л. Проблема несоответствия ФГОС НОО и законодательства Российской Федерации в области безопасности // ОБЖ: основы безопасности жизни. 2026. № 1. С. 7–12"
2026,Статья в сборнике,Проблемы формирования естественно-научной грамотности младшего школьника,,Изд-во НШУОС,Естественно-научная грамотность; Функциональная грамотность,с. 588–592,,,,"Тимофеева Л.Л. Проблемы формирования естественно-научной грамотности младшего школьника // Шамовские чтения: сборник статей XVIII Международной научно.-практической конференции. г. Москва, 24-31 января 2026 г. В 2 т. Т. 2. – М.: Изд-во НШУОС, 2026. – 1161 с. С. 588–592"
2026,Статья в журнале,Роль духовно-нравственного воспитания в становлении социально-экологической направленности личности,Михайлова А.Е.; Лях Ю.А.; Замолоцких Е.Г.; Третьяков А.Л.,,Экологическое образование; Духовно-нравственное воспитание,с. 66–76,,,,"Тимофеева Л.Л., Михайлова А.Е., Лях Ю.А., Замолоцких Е.Г., Третьяков А.Л. Роль духовно-нравственного воспитания в становлении социально-экологической направленности личности // Новое в психолого-педагогических исследованиях. 2026. № 2 (81). С. 66–76"
2026,Статья в сборнике,Роль тьюторства в подготовке педагога к инновационной деятельности в сфере дошкольного образования,Михайлова А.Е.,,Профессиональное развитие педагогов; Дошкольное образование,с. 296–302,,,,"Тимофеева Л.Л., Михайлова А.Е. Роль тьюторства в подготовке педагога к инновационной деятельности в сфере дошкольного образования // Тьюторство в открытом образовательном пространстве: индивидуализация и тьюторство в социальных и профессиональных проектах : Материалы XVIII Международной научно-практической конференции, 29–31 октября 2025 г., г. Москва / под ред. Т. М. Ковалевой, О. Н. Мачехиной, Е. А. Волошиной. М.: ГАОУ ВО МГПУ, ООО ""А-Приор"", 2026. 334 с. С. 296–302"
2025,Статья в сборнике,Анализ подходов к оценке уровня сформированности информационной грамотности у студентов колледжа,Байбекова Г.Р.,Издат. центр Сарат. гос. мед. ун-та,Информационная культура и безопасность; Функциональная грамотность,с. 68–74,,,,"Байбекова Г.Р., Тимофеева Л.Л. Анализ подходов к оценке уровня сформированности информационной грамотности у студентов колледжа // Материалы VI междунар. конференции посвящённой Всемирному дню качества; Саратовский государственный медицинский университет имени В. И. Разумовского. – Саратов: Издат. центр Сарат. гос. мед. ун-та, 2025. – 545 с. С. 68–74"
2025,Статья в сборнике,Безопасное применение технологий искусственного интеллекта в дошкольном образовании,Лапина В.Ю.,МПСУ,Культура безопасности; Дошкольное образование,с. 1520–1525,10.51944/9785977010313.,,,"Лапина В.Ю., Тимофеева Л.Л. Безопасное применение технологий искусственного интеллекта в дошкольном образовании // Актуальные проблемы современной России: психология, педагогика, экономика, управление и право: сборник научных трудов / отв. ред.: А.Л. Третьяков. – Том 14. – Москва: МПСУ, 2025. – 2562 с. – DOI: 10.51944/9785977010313. С. 1520–1525"
2025,Статья в сборнике,Взаимосвязь понятий «информационная культура» и «информационная безопасность»,Гурова О.Н.; Байбекова Г.Р.,МПГУ,Информационная культура и безопасность; Культура безопасности,с. 84–92,,,,"Гурова О.Н., Байбекова Г.Р., Тимофеева Л.Л. Взаимосвязь понятий «информационная культура» и «информационная безопасность» // Национальная безопасность Российской Федерации и сбережение российского народа: материалы VIII Международной научно-практической конференции, г. Москва, 27 ноября 2025 г. / под общ. ред. проф. Н. Е. Симонова. [Электронное издание сетевого распространения]. – Москва: МПГУ, 2025. – 559 с.: ил. С. 84–92"
2025,Статья в журнале,Влияние развития информационной грамотности студентов на уровень их информационной безопасности,Байбекова Г.Р.; Гурова О.Н.,АНО ВО «Институт деловой карьеры»,Информационная культура и безопасность; Культура безопасности,с. 4–10,,,,"Байбекова Г.Р., Гурова О.Н., Тимофеева Л.Л. Влияние развития информационной грамотности студентов на уровень их информационной безопасности // Научные исследования и образование № 56. Научный журнал. М.: АНО ВО «Институт деловой карьеры», 2025. 31 с. С. 4–10"
2025,Статья в сборнике,Готовность педагога к поддержке процессов гражданской идентификации детей дошкольного возраста,Михайлова А.Е.,МПСУ,Профессиональное развитие педагогов; Дошкольное образование,с. 638–643,10.51944/9785977010313.,,,"Тимофеева Л.Л., Михайлова А.Е. Готовность педагога к поддержке процессов гражданской идентификации детей дошкольного возраста // Актуальные проблемы современной России: психология, педагогика, экономика, управление и право: сборник научных трудов / отв. ред.: А.Л. Третьяков. – Том 14. – Москва: МПСУ, 2025. – 2562 с. – DOI: 10.51944/9785977010313. С. 638–643"
2025,Статья в сборнике,Духовно-нравственное воспитание детей дошкольного возраста как фактор обеспечения национальной безопасности России,Михайлова А.Е.,МПГУ,Культура безопасности; Духовно-нравственное воспитание,с. 217–224,,,,"Михайлова А.Е., Тимофеева Л.Л. Духовно-нравственное воспитание детей дошкольного возраста как фактор обеспечения национальной безопасности России // Национальная безопасность Российской Федерации и сбережение российского народа: материалы VIII Международной научно-практической конференции, г. Москва, 27 ноября 2025 г. / под общ. ред. проф. Н. Е. Симонова. [Электронное издание сетевого распространения]. – Москва: МПГУ, 2025. – 559 с.: ил. С. 217–224"
2025,Статья в сборнике,Естественно-научная грамотность младшего школьника: система формирования навыков применения научных методов познания природы,,ФГБУ «Российская академия образования»,Естественно-научная грамотность; Функциональная грамотность,с. 116–121,,,,"Тимофеева Л.Л. Естественно-научная грамотность младшего школьника: система формирования навыков применения научных методов познания природы // Актуальные перспективы развития функциональной грамотности: сборник материалов Всероссийского форума экспертов по функциональной грамотности с международным участием (Москва, 09–10 апреля 2025 года). – М.: ФГБУ «Российская академия образования», 2025. – 134 с. С. 116–121"
2025,Статья в сборнике,Задачи формирования социальной грамотности на уровнях дошкольного и начального общего образования: реализация принципа преемственности,Бутримова И.В.,М-ПАРК,Функциональная грамотность; Планирование образовательной деятельности,с. 9–12,,,,"Бутримова И.В., Тимофеева Л.Л. Задачи формирования социальной грамотности на уровнях дошкольного и начального общего образования: реализация принципа преемственности // Формирование у детей дошкольного возраста предпосылок социальной грамотности: теоретические подходы и опыт ДОО: сборник научных трудов и методических материалов / отв. ред. Л.Л. Тимофеева, Л.И. Павлова. — Электрон. текстовые дан. (11,8 Мб). — Москва : М-ПАРК, 2025. С. 9–12"
2025,Статья в журнале,Изучение влияния эмоционального интеллекта руководителя организации на его способность реализовывать стратегии трансформационного лидерства,Юсупова А.С.; Чугунова Е.С.,,,с. 98–103,,,,"Юсупова А.С., Тимофеева Л.Л., Чугунова Е.С. Изучение влияния эмоционального интеллекта руководителя организации на его способность реализовывать стратегии трансформационного лидерства // Высшее образование сегодня. 2025. № 1. С. 98–103"
2025,Статья в журнале,Квазиэксперимент как инструмент оценки эффективности педагогических моделей формирования компетентности студентов в сфере информационной безопасности,Гурова О.Н.,,Информационная культура и безопасность; Культура безопасности,,,,,"Гурова О.Н., Тимофеева Л.Л. Квазиэксперимент как инструмент оценки эффективности педагогических моделей формирования компетентности студентов в сфере информационной безопасности // Кризисная психология. 2025"
2025,Статья в сборнике,Методологические основы изучения проблем формирования предпосылок природной и социальной экологической грамотности у детей дошкольного возраста,Третьяков А.Л.,Государственный университет просвещения,Функциональная грамотность; Экологическое образование,с. 288–293,,,,"Тимофеева Л.Л., Третьяков А.Л. Методологические основы изучения проблем формирования предпосылок природной и социальной экологической грамотности у детей дошкольного возраста // Педагогическое образование и современная наука: проблемы и перспективы развития: сборник научных трудов /отв. ред. О. Г. Федоров, А. С. Москвина, А. Л. Третьяков. – Вып. № 2. – Электрон. текстовые дан. (13 Мб). – Москва: Государственный университет просвещения, 2025. С. 288–293"
2025,Статья в сборнике,Моисеева в основе изучения эволюции культуры безопасности индивида и общества,Идеи Н.Н.,РАН,Культура безопасности,,,,,"Тимофеева Л.Л. Идеи Н.Н. Моисеева в основе изучения эволюции культуры безопасности индивида и общества // Система «УЧИТЕЛЬ» академика Н.Н. Моисеева и современность. Философские, эколого-политологические и педагогические основания для научного анализа. Доклады и материалы ХХХII Моисеевских чтений 5-7 марта 2025 г. Под общ. ред. ак. М.Ч. Залиханова, проф. В.А. Корниловича, проф. МНЭПУ С.А. Степанова, сост. доц. В.Н. Петрищев, А.А. Клименок. Научное издание. – М.: РАН, 2025, 220 с"
2025,Статья в журнале,Обеспечение безопасности детей в летний период,,,Культура безопасности,с. 1–4,,,,Тимофеева Л.Л. Обеспечение безопасности детей в летний период // Обруч. Дошкольное и начальное образование. 2025. № 2. С. 1–4
2025,Статья в сборнике,Обеспечение безопасности детей в летний период,,М-ПАРК,Культура безопасности,с. 88–91,,,,"Тимофеева Л.Л. Обеспечение безопасности детей в летний период // Формирование у детей дошкольного возраста предпосылок социальной грамотности: теоретические подходы и опыт ДОО: сборник научных трудов и методических материалов / отв. ред. Л.Л. Тимофеева, Л.И. Павлова. — Электрон. текстовые дан. (11,8 Мб). — Москва : М-ПАРК, 2025. С. 88–91"
2025,Статья в сборнике,Основы методологического обеспечения исследования предпосылок формирования природной и социальной экологической грамотности дошкольников,Третьяков А.Л.,МПСУ,Функциональная грамотность; Экологическое образование,с. 1633–1638,10.51944/9785977010313.,,,"Тимофеева Л.Л., Третьяков А.Л. Основы методологического обеспечения исследования предпосылок формирования природной и социальной экологической грамотности дошкольников // Актуальные проблемы современной России: психология, педагогика, экономика, управление и право: сборник научных трудов / отв. ред.: А.Л. Третьяков. – Том 14. – Москва: МПСУ, 2025. – 2562 с. – DOI: 10.51944/9785977010313. С. 1633–1638"
2025,Статья в сборнике,Поддержка процессов идентификации детей дошкольного возраста в условиях «цифровой социализации»,Михайлова А.Е.,Государственный университет просвещения,Информационная культура и безопасность; Дошкольное образование,с. 179–185,,,,"Михайлова А.Е., Тимофеева Л.Л. Поддержка процессов идентификации детей дошкольного возраста в условиях «цифровой социализации» // Педагогическое образование и современная наука: проблемы и перспективы развития: сборник научных трудов / отв. ред. О.Г. Федоров, А.С. Москвина, А.Л. Третьяков. – Вып. № 2. – Электрон. текстовые дан. (13 Мб). – Москва: Государственный университет просвещения, 2025. С. 179–185"
2025,Статья в журнале,Понятийно-категориальный аппарат исследования проблемы формирования информационной грамотности студента колледжа,Байбекова Г.Р.,,Информационная культура и безопасность; Функциональная грамотность,с. 10–17,10.18137/RNU.HET.25.04.P.010,,,"Байбекова Г.Р., Тимофеева Л.Л. Понятийно-категориальный аппарат исследования проблемы формирования информационной грамотности студента колледжа // Высшее образование сегодня. 2025. № 4. С. 10–17. DOI: 10.18137/RNU.HET.25.04.P.010"
2025,Статья в журнале,Предпосылки возникновения и эволюция понятия «компетентность в области информационной безопасности»,Гурова О.Н.,,Информационная культура и безопасность; Культура безопасности,,,,,"Тимофеева Л.Л., Гурова О.Н. Предпосылки возникновения и эволюция понятия «компетентность в области информационной безопасности» // Кризисная психология. 2025"
2025,Статья в сборнике,Проблема готовности педагога к формированию у обучающихся начальных классов навыков применения научных методов познания,Бутримова И.В.,МПСУ,Профессиональное развитие педагогов; Начальное образование,с. 634–637,10.51944/9785977010313,,,"Тимофеева Л.Л., Бутримова И.В. Проблема готовности педагога к формированию у обучающихся начальных классов навыков применения научных методов познания // Актуальные проблемы современной России: психология, педагогика, экономика, управление и право: сборник научных трудов / отв. ред.: А.Л. Третьяков. – Том 14. – Москва: МПСУ, 2025. – 2562 с. С. 634–637. – DOI: 10.51944/9785977010313"
2025,Статья в сборнике,Проблема формирования информационной грамотности у студентов колледжа,Байбекова Г.Р.,МПСУ,Информационная культура и безопасность; Функциональная грамотность,с. 2217–2220,10.51944/9785977010313.,,,"Тимофеева Л.Л., Байбекова Г.Р. Проблема формирования информационной грамотности у студентов колледжа // Актуальные проблемы современной России: психология, педагогика, экономика, управление и право: сборник научных трудов / отв. ред.: А.Л. Третьяков. – Том 14. – Москва: МПСУ, 2025. – 2562 с. – DOI: 10.51944/9785977010313. С. 2217–2220"
2025,Статья в сборнике,Проблема формирования ценностных основ безопасного поведения у детей дошкольного возраста,Лапина В.Ю.,МПГУ,Культура безопасности; Духовно-нравственное воспитание,с. 175–182,,,,"Лапина В.Ю., Тимофеева Л.Л. Проблема формирования ценностных основ безопасного поведения у детей дошкольного возраста // Национальная безопасность Российской Федерации и сбережение российского народа: материалы VIII Международной научно-практической конференции, г. Москва, 27 ноября 2025 г. / под общ. ред. проф. Н. Е. Симонова. [Электронное издание сетевого распространения]. – Москва: МПГУ, 2025. – 559 с.: ил. С. 175–182"
2025,Статья в сборнике,Разработка учебно-методического комплекта «Культура безопасности младшего школьника»,Гафнер В.В.,МПГУ,Культура безопасности,с. 261–269,,,,"Тимофеева Л.Л., Гафнер В.В. Разработка учебно-методического комплекта «Культура безопасности младшего школьника» // Национальная безопасность Российской Федерации и сбережение российского народа: материалы VIII Международной научно-практической конференции, г. Москва, 27 ноября 2025 г. / под общ. ред. проф. Н. Е. Симонова. [Электронное издание сетевого распространения]. – Москва: МПГУ, 2025. – 559 с.: ил. С. 261–269"
2025,Статья в сборнике,Формирование компетенций в области информационной безопасности у студентов,Гурова О.Н.,МПСУ,Информационная культура и безопасность; Культура безопасности,с. 1732–1738,10.51944/9785977010313.,,,"Гурова О.Н., Тимофеева Л.Л. Формирование компетенций в области информационной безопасности у студентов // Актуальные проблемы современной России: психология, педагогика, экономика, управление и право: сборник научных трудов / отв. ред.: А.Л. Третьяков. – Том 14. – Москва: МПСУ, 2025. – 2562 с. – DOI: 10.51944/9785977010313. С. 1732–1738"
2025,Методическое пособие,Формирование культуры безопасности у детей дошкольного возраста. Старшая группа,,М-ПАРК,Культура безопасности; Дошкольное образование,,,,,"Тимофеева Л.Л. Формирование культуры безопасности у детей дошкольного возраста. Старшая группа: методическое пособие. М.: М-ПАРК, 2025. – 192 с"
2025,Статья в журнале,Формирование культуры безопасности у детей младшего школьного возраста,Гафнер В.В.,,Культура безопасности,с. 25–31,10.55090/19980736_2025_4_25_31,,,"Тимофеева Л.Л., Гафнер В.В. Формирование культуры безопасности у детей младшего школьного возраста // ОБЖ. 2025. № 4. С. 25–31. DOI: 10.55090/19980736_2025_4_25_31"
2025,Статья в журнале,Формирование предпосылок естественно-научной грамотности у детей дошкольного возраста,,,Естественно-научная грамотность; Функциональная грамотность,с. 24–30,,,,Тимофеева Л.Л. Формирование предпосылок естественно-научной грамотности у детей дошкольного возраста // Высшее образование сегодня. 2025. № 1. С. 24–30
2025,Статья в сборнике,Формирование социальной грамотности у детей дошкольного возраста,,М-ПАРК,Функциональная грамотность; Дошкольное образование,с. 5–9,,,,"Тимофеева Л.Л. Формирование социальной грамотности у детей дошкольного возраста // Формирование у детей дошкольного возраста предпосылок социальной грамотности: теоретические подходы и опыт ДОО: сборник научных трудов и методических материалов / отв. ред. Л.Л. Тимофеева, Л.И. Павлова. — Электрон. текстовые дан. (11,8 Мб). — Москва : М-ПАРК, 2025. С. 5–9"
2025,Статья в сборнике,Формирования культуры безопасности у дошкольников: построение взаимодействия участников образовательных отношений,,М-ПАРК,Культура безопасности; Дошкольное образование,с. 91–94,,,,"Тимофеева Л.Л. Формирования культуры безопасности у дошкольников: построение взаимодействия участников образовательных отношений // Формирование у детей дошкольного возраста предпосылок социальной грамотности: теоретические подходы и опыт ДОО: сборник научных трудов и методических материалов / отв. ред. Л.Л. Тимофеева, Л.И. Павлова. — Электрон. текстовые дан. (11,8 Мб). — Москва : М-ПАРК, 2025. С. 91–94"
2025,Статья в журнале,Экологическая грамотность детей дошкольного возраста: определение понятия,Третьяков А.Л.,,Функциональная грамотность; Экологическое образование,с. 64–76,10.51944/20738536_2024_4_64.,LEQGNE,,"Тимофеева Л.Л., Третьяков А.Л. Экологическая грамотность детей дошкольного возраста: определение понятия // Мир образования – образование в мире. 2025. № 4 (100). — С. 64–76. — DOI: 10.51944/20738536_2024_4_64. — EDN: LEQGNE"
2025,Статья в сборнике,"Экологическое образование в ДОО: формы организации, содержание, оценка эффективности",Третьяков А.Л.,М-ПАРК,Экологическое образование; Дошкольное образование,с. 49–52,,,,"Тимофеева Л.Л., Третьяков А.Л. Экологическое образование в ДОО: формы организации, содержание, оценка эффективности // Формирование у детей дошкольного возраста предпосылок социальной грамотности: теоретические подходы и опыт ДОО: сборник научных трудов и методических материалов / отв. ред. Л.Л. Тимофеева, Л.И. Павлова. — Электрон. текстовые дан. (11,8 Мб). — Москва : М-ПАРК, 2025. С. 49–52"
2024,Программа / планирование,Календарное планирование образовательной деятельности: в соответствии с ФОП ДО: вторая младшая группа,Бережнова О.В.; Петерсон Л.Г.; Кочемасова Е.Е.; Гризик Т.И.; Григорьева Ю.С.; Бойко В.В.,Просвещение,Планирование образовательной деятельности,,,,,"Бережнова О.В., Петерсон Л.Г., Кочемасова Е.Е., Гризик Т.И., Тимофеева Л.Л., Григорьева Ю.С., Бойко В.В. Календарное планирование образовательной деятельности: в соответствии с ФОП ДО: вторая младшая группа. М.: Просвещение, 2024. 240 с"
2024,Программа / планирование,Календарное планирование образовательной деятельности: в соответствии с ФОП ДО: средняя группа,Бережнова О.В.; Петерсон Л.Г.; Кочемасова Е.Е.; Гризик Т.И.; Григорьева Ю.С.; Бойко В.В.,Просвещение,Планирование образовательной деятельности,,,,,"Бережнова О.В., Петерсон Л.Г., Кочемасова Е.Е., Гризик Т.И., Тимофеева Л.Л., Григорьева Ю.С., Бойко В.В. Календарное планирование образовательной деятельности: в соответствии с ФОП ДО: средняя группа. М.: Просвещение, 2024. 272 с"
2024,Статья в журнале,Обеспечение информационно-психологической безопасности студентов,Гурова О.Н.,,Информационная культура и безопасность; Культура безопасности,с. 15–24,,,,"Тимофеева Л.Л., Гурова О.Н. Обеспечение информационно-психологической безопасности студентов // Кризисная психология. 2024. № 1 (2). С. 15–24"
2024,Статья в сборнике,Повышение компетентности педагогов в вопросах формирования культуры безопасности у детей дошкольного возраста,,МПСУ,Культура безопасности; Профессиональное развитие педагогов,с. 631–635,10.51944/9785977010252,,,"Тимофеева Л.Л. Повышение компетентности педагогов в вопросах формирования культуры безопасности у детей дошкольного возраста // Актуальные проблемы современной России: психология, педагогика, экономика, управление и право: сборник научных трудов / отв. ред.: А.Л. Третьяков. – Том 12. – Москва: МПСУ, 2024. – 1740 с. С. 631–635. – DOI: 10.51944/9785977010252"
2024,Статья в сборнике,Проблема формирования социальной и природной экологической грамотности у детей дошкольного возраста,Третьяков А.Л.,МПСУ,Функциональная грамотность; Экологическое образование,с. 738–744,10.51944/9785977010276,,,"Тимофеева Л.Л., Третьяков А.Л. Проблема формирования социальной и природной экологической грамотности у детей дошкольного возраста // Актуальные проблемы современной России: психология, педагогика, экономика, управление и право: сборник научных трудов / отв. ред.: А.Л. Третьяков. – Том 13. – Москва: МПСУ, 2024. – 2304 с. С. 738–744. – DOI: 10.51944/9785977010276"
2024,Статья в журнале,Состояние и перспективы развития экологического образования детей дошкольного возраста,Третьяков А.Л.,,Экологическое образование; Дошкольное образование,с. 159–170,,,,"Тимофеева Л.Л., Третьяков А.Л. Состояние и перспективы развития экологического образования детей дошкольного возраста // Мир образования – образование в мире. 2024. № 4. С. 159–170"
2024,Статья в сборнике,Социальная грамотность в дошкольном детстве: изучение феномена и формирование его предпосылок,,Государственный университет просвещения,Функциональная грамотность; Дошкольное образование,с. 342–347,,,,"Тимофеева Л.Л. Социальная грамотность в дошкольном детстве: изучение феномена и формирование его предпосылок // Педагогическое образование и современная наука: проблемы и перспективы развития: сборник научных трудов / отв. ред. В. К. Витенбек, А. С. Москвина, А. Л. Третьяков. – Выпуск 1. – Электрон. текстовые дан. (11,8 Мб). – Москва : Государственный университет просвещения, 2024. – 622 с. С. 342–347"
2024,Статья в сборнике,Теоретические основы использования ситуационных задач в дошкольном образовании,Королева Н.Н.,КУРО,Дошкольное образование,с. 59–63,,,,"Тимофеева Л.Л., Королева Н.Н. Теоретические основы использования ситуационных задач в дошкольном образовании// Дошкольное образование: проблемы, тенденции развития и инновации: сборник материалов Международной научно-практической интернет-конференции / под ред. Ю. А. Гладковой; Министерство образования Московской области, Корпоративный университет развития образования. – Москва: КУРО, 2024. – 266, [2] с. С. 59–63"
2024,Статья в сборнике,Формирование культуры безопасности как условие и результат позитивной социализации детей дошкольного возраста,,КУРО,Культура безопасности; Дошкольное образование,с. 36–42,,,,"Тимофеева Л.Л. Формирование культуры безопасности как условие и результат позитивной социализации детей дошкольного возраста // Дошкольное образование: проблемы, тенденции развития и инновации: сборник материалов Международной научно-практической интернет-конференции / под ред. Ю. А. Гладковой; Министерство образования Московской области, Корпоративный университет развития образования. – Москва: КУРО, 2024. – 266, [2] с. С. 36–42"
2024,Программа / планирование,Формирование культуры безопасности у детей от 3 до 8 лет. Методические материалы к ФОП ДО (парциальная программа),,Детство-Пресс,Культура безопасности; Планирование образовательной деятельности,,,,,"Тимофеева Л.Л. Формирование культуры безопасности у детей от 3 до 8 лет. Методические материалы к ФОП ДО (парциальная программа). СПб.: ООО «Издательство «Детство-пресс», 2024. 160 с"
2024,Статья в сборнике,Формирование предпосылок социальной грамотности на этапе дошкольного детства,,Елецкий государственный университет им. И.А. Бунина,Функциональная грамотность; Дошкольное образование,с. 95–99,,,,"Тимофеева Л.Л. Формирование предпосылок социальной грамотности на этапе дошкольного детства // Социальное развитие детей в мультикультурном мире: материалы международной научно-практической конференции, посвященной 45-летию кафедры дошкольного и специального образования Елецкого государственного университета им. И.А.Бунина. 28 февраля 2024 года. Елец: ФГБОУ ВО «Елецкий государственный университет им. И.А. Бунина», 2024. – 340 с. С. 95–99"
2023,Статья в сборнике,,,Елецкий государственный университет им. И.А. Бунина,,с. 115–119,,,,"Тимофеева Л.Л. // Социальное развитие детей в мультикультурном мире: материалы международной научно-практической конференции. 28 февраля 2023 года. – Елец: Елецкий государственный университет им. И.А. Бунина, 2023. – 416 с. С. 115–119"
2023,Статья в сборнике,Вопросы безопасности жизнедеятельности в содержании учебного предмета «Окружающий мир»,,,Культура безопасности; Естественно-научная грамотность,,,,,"Тимофеева Л.Л. Вопросы безопасности жизнедеятельности в содержании учебного предмета «Окружающий мир» // Сборник Всероссийской научно-практической конференции «Безопасность в профессиональной деятельности педагога», 23-24 января 2023 г"
2023,Книга,Естественно-научная грамотность. Окружающий мир. Развитие. Диагностика. 1-2 классы,,Просвещение,Естественно-научная грамотность; Функциональная грамотность,,,,,"Тимофеева Л.Л. Естественно-научная грамотность. Окружающий мир. Развитие. Диагностика. 1-2 классы. М.: Просвещение, 2023. – 112 с"
2023,Книга,Естественно-научная грамотность. Окружающий мир. Развитие. Диагностика. 3 класс,,Просвещение,Естественно-научная грамотность; Функциональная грамотность,,,,,"Тимофеева Л.Л. Естественно-научная грамотность. Окружающий мир. Развитие. Диагностика. 3 класс. М.: Просвещение, 2023. – 112 с"
2023,Книга,Естественно-научная грамотность. Окружающий мир. Развитие. Диагностика. 4 класс,,Просвещение,Естественно-научная грамотность; Функциональная грамотность,,,,,"Тимофеева Л.Л. Естественно-научная грамотность. Окружающий мир. Развитие. Диагностика. 4 класс. М.: Просвещение, 2023. – 112 с"
2023,Статья в журнале,Инновационные аспекты ФОП дошкольного образования: формируем предпосылки функциональной грамотности,,,Функциональная грамотность; Планирование образовательной деятельности,с. 12–18,,,,Тимофеева Л.Л. Инновационные аспекты ФОП дошкольного образования: формируем предпосылки функциональной грамотности // Дошкольное образование. 2023. № 1. С. 12–18
2023,Статья в журнале,"Конструирование заданий, нацеленных на формирование у младших школьников основ функциональной грамотности",Бутримова И.В.,,Функциональная грамотность,с. 11–18,,,,"Тимофеева Л.Л., Бутримова И.В. Конструирование заданий, нацеленных на формирование у младших школьников основ функциональной грамотности // Начальное образование. 2023. № 5. С. 11–18"
2023,Статья в журнале,Оценка компетентности педагогов в вопросах формирования культуры безопасности у детей дошкольного и младшего школьного возраста,,,Культура безопасности; Профессиональное развитие педагогов,с. 124–130,,,,Тимофеева Л.Л. Оценка компетентности педагогов в вопросах формирования культуры безопасности у детей дошкольного и младшего школьного возраста // Высшее образование сегодня. 2023. № 6. С. 124-130. (на английском языке)
2023,Статья в сборнике,Оценка уровня сформированности естественно-научной грамотности младших школьников,Бутримова И.В.,Институт развития образования (Краснодар),Естественно-научная грамотность; Функциональная грамотность,с. 54–57,,,,"Тимофеева Л.Л., Бутримова И.В. Оценка уровня сформированности естественно-научной грамотности младших школьников // Формирование естественно-научной грамотности младших школьников: теоретические аспекты и опыт организации / Сборник материалов Всероссийской научно-практической конференции «Формирование основ естественно-научной грамотности младших школьников. 18 апреля 2023, г. Краснодар» / отв. ред.: Т.И. Жилина, Ю.Ю. Стан, Краснодар: ИРО, 2023. 141 с. С. 54–57"
2023,Статья в журнале,Оценка эффективности модели формирования культуры безопасности у детей дошкольного и младшего школьного возраста,,,Культура безопасности; Дошкольное образование,с. 127–141,,,,Тимофеева Л.Л. Оценка эффективности модели формирования культуры безопасности у детей дошкольного и младшего школьного возраста // Известия РАО. 2023. № 1. С. 127–141
2023,Методическое пособие,Познавательное развитие. Ребенок и окружающий мир,Бережнова О.В.,Просвещение,Естественно-научная грамотность; Проектная и исследовательская деятельность,,,,,"Тимофеева Л.Л., Бережнова О.В. Познавательное развитие. Ребенок и окружающий мир. Методические рекомендации к программе «Мир открытий». Конспекты современных форм организации детских видов деятельности. Подготовительная к школе группа детского сада. 2-е издание. – М.: Просвещение, 2023. – 240 с"
2023,Статья в сборнике,Предметно-категориальное поле исследования проблем формирования природной и социальной экологической грамотности,Третьяков А.Л.,МПСУ,Функциональная грамотность; Экологическое образование,с. 509–516,10.51944/9785977010191.,,,"Тимофеева Л.Л., Третьяков А.Л. Предметно-категориальное поле исследования проблем формирования природной и социальной экологической грамотности // Актуальные проблемы современной России: психология, педагогика, экономика, управление и право [Электронный ресурс]: сборник научных трудов. – Том 11 / отв. ред.: А.Л. Третьяков. – Электрон. текстовые дан. – Москва: МПСУ, 2023. – 1098 с. – DOI: 10.51944/9785977010191. С. 509–516"
2023,Статья в журнале,Разработка концепции формирования культуры безопасности на уровнях дошкольного и начального общего образования,,,Культура безопасности; Дошкольное образование,с. 27–33,,,,Тимофеева Л.Л. Разработка концепции формирования культуры безопасности на уровнях дошкольного и начального общего образования // «ОБЖ. Основы безопасности жизни». 2023. № 3. С. 27–33
2023,Статья в сборнике,Ситуационный подход в формировании культуры безопасности у младших школьников,Королева Н.Н.,Аспринт,Культура безопасности,с. 195–197,,,,"Тимофеева Л.Л., Королева Н.Н. Ситуационный подход в формировании культуры безопасности у младших школьников // Байкал – Родина – Планета: Материалы VII Всероссийской научно-практической конференции (г. Иркутск, 16-18 ноября 2023 г.). Иркутск: Аспринт, 2023. – 234 с. С. 195–197"
2023,Статья в сборнике,Ситуационный подход как средство формирования компонентов культуры безопасности младших школьников,Королева Н.Н.,МПСУ,Культура безопасности,с. 502–508,10.51944/9785977010191.,,,"Тимофеева Л.Л., Королева Н.Н. Ситуационный подход как средство формирования компонентов культуры безопасности младших школьников // Актуальные проблемы современной России: психология, педагогика, экономика, управление и право [Электронный ресурс]: сборник научных трудов. – Том 11 / отв. ред.: А.Л. Третьяков. – Электрон. текстовые дан. – Москва: МПСУ, 2023. – 1098 с. – DOI: 10.51944/9785977010191. С. 502–508"
2023,Статья в сборнике,Формирование культуры безопасности у детей дошкольного возраста: направления взаимодействия семьи и ДОО,,МПСУ,Культура безопасности; Дошкольное образование,,10.51944/9785977010191.,,,"Тимофеева Л.Л. Формирование культуры безопасности у детей дошкольного возраста: направления взаимодействия семьи и ДОО // Актуальные проблемы современной России: психология, педагогика, экономика, управление и право [Электронный ресурс]: сборник научных трудов / отв. ред: В.П. Вершинин, А.Л. Третьяков. – Электрон. текстовые дан. – Москва: МПСУ, 2023. – 1394 с. – DOI: 10.51944/9785977010191. С 426–432"
2023,Статья в журнале,Формирование основ финансовой культуры у детей дошкольного возраста,Филимонова Б.Т.; Вакшина Т.А.,,Дошкольное образование,с. 16–25,,,,"Тимофеева Л.Л., Филимонова Б.Т., Вакшина Т.А. Формирование основ финансовой культуры у детей дошкольного возраста // Дошкольное образование. 2023. № 3. С. 16–25"
2023,Статья в журнале,Функциональная грамотность: построение вертикали преемственности между дошкольным и начальным общим образованием,,,Функциональная грамотность; Планирование образовательной деятельности,с. 23–31,,,,Тимофеева Л.Л. Функциональная грамотность: построение вертикали преемственности между дошкольным и начальным общим образованием // Вестник Псковского государственного университета. Серия «Психолого-педагогические науки. 2023. № 16. С. 23–31
2022,Статья в журнале,Какие навыки безопасного поведения формировать у детей летом. Сценарий семинара-практикума,,,Культура безопасности,с. 12–19,,,,Тимофеева Л.Л. Какие навыки безопасного поведения формировать у детей летом. Сценарий семинара-практикума // Справочник старшего воспитателя дошкольного учреждения. 2022. № 6. С. 12–19
2022,Статья в журнале,Личностно ориентированные образовательные ситуации,,,Культура безопасности; Начальное образование,с. 27–33,,,,Тимофеева Л.Л. Личностно ориентированные образовательные ситуации – средство формирования культуры безопасности у младших школьников // Начальная школа. 2022. № 2. С. 27—33
2022,Методическое пособие,Методические рекомендации по использованию интерактивного тренажёра МИР’ОК. Второй уровень (5–7 лет),,Русское слово – учебник,Планирование образовательной деятельности,,,,,"Тимофеева Л.Л. Методические рекомендации по использованию интерактивного тренажёра МИР’ОК. Второй уровень (5–7 лет) / Л.Л. Тимофеева. – М.: ООО «Русское слово – учебник», 2022. – 56 с. – (Программно-методический комплекс ДО «Мозаичный ПАРК»)"
2022,Методическое пособие,На игровой площадке. Наглядно-методическое пособие для практикующих работников ДОО и родителей,,Детство-Пресс,Дошкольное образование,,,,,"Тимофеева Л. Л. На игровой площадке. Наглядно-методическое пособие для практикующих работников ДОО и родителей. — СПб.: ООО «ИЗДАТЕЛЬСТВО «ДЕТСТВО-ПРЕСС», 2022. — 8 с., цв. ил. — (Формирование культуры безопасности у детей 3—8 лет)"
2022,Книга,Наш мир. Юные исследователи. Учимся учиться с Аней и Димой. 6-7 лет,Бережнова О.В.,Просвещение,,,,,,"Тимофеева Л.Л., Бережнова О.В. Наш мир. Юные исследователи. Учимся учиться с Аней и Димой. 6-7 лет. М.: Просвещение, 2022. – 32 с"
2022,Статья в сборнике,Оценка уровня безопасности образовательной среды ДОО,,ГГТУ,Культура безопасности; Дошкольное образование,с. 80–84,,,,"Тимофеева Л.Л. Оценка уровня безопасности образовательной среды ДОО // Лучшие практики Московской области по организации условий комфортного пространства для развития детей и взрослых : сборник материалов конференции «Современный детский сад — комфортное пространство для развития детей и взрослых» [Электронный ресурс]: /сост. Г.Н. Гришина, Е.А. Туревич, В.Ю. Ферцер; Государственный гуманитарно-технологический университет. Орехово-Зуево, 28.02.-02.03.2022 г. – Орехово-Зуево: ГГТУ, 2022. – 88 с. С. 80–84"
2022,Статья в сборнике,Оценка уровня безопасности образовательной среды дошкольной образовательной организации,,СахГУ,Культура безопасности; Дошкольное образование,с. 368–373,,,,"Тимофеева Л.Л. Оценка уровня безопасности образовательной среды дошкольной образовательной организации // Безопасность жизнедеятельности: современные вызовы, наука, образование, практика: материалы XII Межрегиональной научно-практической конференции с международным участием (8–9 декабря 2021 г., г. Южно-Сахалинск) : сборник научных статей / под редакцией: С.В. Абрамова, Е.Н. Бояров. – Южно-Сахалинск : СахГУ, 2022. – 394 с. С. 368–373"
2022,Книга,Петушок-Золотой гребешок. Интерактивные сказки,,Билингва,,,,,,"Тимофеева Л.Л. Петушок-Золотой гребешок. Интерактивные сказки. М.: Билингва, 2022. – 32 с"
2022,Статья в журнале,"Семинар-практикума для педагогов, чтобы предотвратить опасные ситуации с детьми летом",,,Профессиональное развитие педагогов; Дошкольное образование,с. 12–17,,,,"Тимофеева Л.Л. Семинар-практикума для педагогов, чтобы предотвратить опасные ситуации с детьми летом // Справочник старшего воспитателя дошкольного учреждения. 2022. № 7. С. 12–17"
2022,Методическое пособие,Формирование культуры безопасности у детей дошкольного возраста. Младшая группа,,Русское слово – учебник,Культура безопасности; Дошкольное образование,,,,,"Тимофеева Л.Л. Формирование культуры безопасности у детей дошкольного возраста. Младшая группа: методическое пособие. М.: ООО «Русское слово – учебник», 2022. – 192 с"
2022,Методическое пособие,Формирование культуры безопасности у детей дошкольного возраста. Средняя группа,,Русское слово – учебник,Культура безопасности; Дошкольное образование,,,,,"Тимофеева Л.Л. Формирование культуры безопасности у детей дошкольного возраста. Средняя группа: методическое пособие. М.: ООО «Русское слово – учебник», 2022. – 184 с"
2022,Статья в журнале,Формирование культуры безопасности у младших школьников (к постановке проблемы),,,Культура безопасности,с. 11–16,10.12737/1998-0728-2022-10-2-11-16,,https://doi.org/10.12737/1998-0728-2022-10-2-11-16,"Тимофеева Л.Л. Формирование культуры безопасности у младших школьников (к постановке проблемы) // Начальное образование. 2022. Том. 10, № 2. С. 11—16"
2022,Статья в журнале,Что должны знать педагоги о естественно-научной грамотности дошкольников. Сценарий обучающего семинара,,,Естественно-научная грамотность; Функциональная грамотность,с. 14–20,,,,Тимофеева Л.Л. Что должны знать педагоги о естественно-научной грамотности дошкольников. Сценарий обучающего семинара // Справочник старшего воспитателя дошкольного учреждения. 2022. № 10. С. 14–20
2021,Статья в журнале,"30-летие учебного предмета ОБЖ: история, современность, проблемы и перспективы",Гафнер В.В.,,Культура безопасности,с. 118–127,,,https://elibrary.ru/item.asp?id=46262052&,"Гафнер В.В., Тимофеева Л.Л. 30-летие учебного предмета ОБЖ: история, современность, проблемы и перспективы // Педагогика. 2021. № 6. С. 118—127"
2021,Статья в журнале,"«Космический бадминтон», или Что рассказать педагогам об игре и как увлечь ею детей",,,Профессиональное развитие педагогов; Дошкольное образование,с. 40–45,,,,"Тимофеева Л.Л. «Космический бадминтон», или Что рассказать педагогам об игре и как увлечь ею детей // Справочник старшего воспитателя дошкольного учреждения. 2021. № 7. С. 40—45"
2021,Статья в журнале,Анализ подходов к определению феномена «безопасность»,,,Культура безопасности,с. 19–25,,,,Тимофеева Л.Л. Анализ подходов к определению феномена «безопасность» // «ОБЖ. Основы безопасности жизни». 2021. № 1. С. 19—25
2021,Статья в сборнике,Воспитание культуры безопасности на разных уровнях основного общего образования,,,Культура безопасности,с. 273–279,,,,"Тимофеева Л.Л. Воспитание культуры безопасности на разных уровнях основного общего образования // Актуальные вопросы безопасности в современном образовании: материалы всероссийской научно-практической конференции, Екатеринбург, 27 мая 2021 г. / Урал. гос. пед. ун-т; сост. и ред. В. В. Гафнер. – Екатеринбург, 2021. — 307 с. — С. 273—279"
2021,Статья в журнале,Естественно-научная функциональная грамотность младшего школьника. Оценка уровня сформированности умения применять научные методы познания,,,Естественно-научная грамотность; Функциональная грамотность,с. 51–66,,,,Тимофеева Л.Л. Естественно-научная функциональная грамотность младшего школьника. Оценка уровня сформированности умения применять научные методы познания // Лидер образования. Выпуск 1.2021. С. 51—66
2021,Книга,Загадки на каждом шагу! Наш мир. Путешествие первооткрывателей. Ребенок и окружающий мир,Бережнова О.В.,Просвещение,Естественно-научная грамотность,,,,,"Тимофеева Л.Л., Бережнова О.В. Загадки на каждом шагу! Наш мир. Путешествие первооткрывателей. Ребенок и окружающий мир. – М.: Просвещение: Редакция БИНОМ ДЕТСТВА, 2021. – 32 с.: ил. – (Мир открытий)"
2021,Статья в журнале,"Злодеи и хулиганы на утреннике, или Как оценить информационную безопасность мероприятий в детском саду",,,Информационная культура и безопасность; Культура безопасности,с. 36–41,,,,"Тимофеева Л.Л. Злодеи и хулиганы на утреннике, или Как оценить информационную безопасность мероприятий в детском саду // Справочник старшего воспитателя дошкольного учреждения. 2021. № 5. С. 36—41"
2021,Статья в журнале,Как научить педагогов оценивать безопасность книг и мультфильмов для детей. Семинар-практикум,Королева Н.И.,,Культура безопасности; Проектная и исследовательская деятельность,с. 44–50,,,,"Тимофеева Л.Л., Королева Н.И. Как научить педагогов оценивать безопасность книг и мультфильмов для детей. Семинар-практикум // Справочник старшего воспитателя дошкольного учреждения. 2021. № 4. С. 44–50"
2021,Статья в журнале,Как оценить безопасность информационной среды детского сада. Критерии и карта экспресс-анализа,,,Информационная культура и безопасность; Культура безопасности,с. 4–8,,,,Тимофеева Л.Л. Как оценить безопасность информационной среды детского сада. Критерии и карта экспресс-анализа // Справочник старшего воспитателя дошкольного учреждения. 2021. № 2. С. 4–8
2021,Монография,Концепция формирования культуры безопасности у детей дошкольного и младшего школьного возраста,,Педагогика,Культура безопасности; Дошкольное образование,,,,,"Тимофеева Л.Л. Концепция формирования культуры безопасности у детей дошкольного и младшего школьного возраста: монография. М.: Педагогика, 2021. 308 с"
2021,Статья в журнале,"Критерии и карты оценки, чтобы проверить информационную безопасность презентаций, видео и книг в детском саду",Королева Н.И.,,Информационная культура и безопасность; Культура безопасности,с. 29–36,,,,"Тимофеева Л.Л., Королева Н.И. Критерии и карты оценки, чтобы проверить информационную безопасность презентаций, видео и книг в детском саду // Справочник старшего воспитателя дошкольного учреждения. 2021. № 4. С. 29–36"
2021,Статья в журнале,Культура безопасности: генезис и развитие,,,Культура безопасности,с. 23–28,,,,Тимофеева Л.Л. Культура безопасности: генезис и развитие // «ОБЖ. Основы безопасности жизни». 2021. № 2. С. 23—28
2021,Статья в журнале,Методологические подходы к изучению проблем репрезентации культуры безопасности,,,Культура безопасности,с. 9–19,,,https://naukaru.ru/ru/nauka/article/43825/view,Тимофеева Л.Л. Методологические подходы к изучению проблем репрезентации культуры безопасности // Журнал педагогических исследований. 2021. Том 6. – № 4. С. 9—19
2021,Статья в журнале,Модель формирования культуры безопасности у младших школьников,,,Культура безопасности,с. 74–81,,,,Тимофеева Л.Л. Модель формирования культуры безопасности у младших школьников // Высшее образование сегодня. 2021. № 9—10. С. 74—81
2021,Методическое пособие,Организация образовательной деятельности в ДОО. Примерное планирование. Старшая группа (5—6 лет),Корнеичева Е.Е.; Грачева Н.И.,ИНФРА-М,Планирование образовательной деятельности; Дошкольное образование,,10.12737/1072140.,,,"Тимофеева Л.Л., Корнеичева Е.Е., Грачева Н.И. Организация образовательной деятельности в ДОО. Примерное планирование. Старшая группа (5—6 лет): учебно-методическое пособие /под общ. ред. Л.Л. Тимофеевой. — Москва: ИНФРА-М, 2021. — 298 с. — (Среднее профессиональное образование). — DOI 10.12737/1072140"
2021,Статья в журнале,"От чего надо защищать детей: три шага, чтобы рассказать родителям про информационную безопасность",,,Информационная культура и безопасность; Культура безопасности,с. 46–51,,,,"Тимофеева Л.Л. От чего надо защищать детей: три шага, чтобы рассказать родителям про информационную безопасность// Справочник старшего воспитателя дошкольного учреждения. 2021. № 6. С. 46—51"
2021,Статья в журнале,Оценка сформированности культуры безопасности у младших школьников,,,Культура безопасности,с. 11–17,,,,Тимофеева Л.Л. Оценка сформированности культуры безопасности у младших школьников // Начальная школа. 2021. № 8. С. 11—17
2021,Книга,Оценка уровня сформированности умений проводить наблюдения и опыты у младших школьников,Жилина Т.И.; Стан Ю.Ю.,Институт развития образования (Краснодар),Естественно-научная грамотность; Функциональная грамотность,с. 17–21,,,http://iro23.ru/sites/default/files/2020/sbornik_noo_2021_ot_21_aprelya.pdf,"Тимофеева Л.Л. Оценка уровня сформированности умений проводить наблюдения и опыты у младших школьников. Краснодар: ИРО Естественно-научная грамотность в начальной школе: создание условий для формирования и оценивания / Сборник материалов краевой научно-практической конференции «Формирование основ естественно-научной грамотности младших школьников. 21 апреля 2021 г., г. Краснодар» / отв. ред.: Т.И. Жилина, Ю.Ю. Стан, Краснодар: ИРО, 2021. – 132 с. С. 17—21"
2021,Статья в журнале,Оценка условий реализации концепции формирования культуры безопасности в практике дошкольного и начального общего образования,,,Культура безопасности; Дошкольное образование,с. 28–34,,,,Тимофеева Л.Л. Оценка условий реализации концепции формирования культуры безопасности в практике дошкольного и начального общего образования // Высшее образование сегодня. 2021. № 7—8. С. 28—34
2021,Книга,Первооткрыватели. Ребенок и окружающий мир. Альбом наблюдений. 6—7 лет,,БИНОМ. Лаборатория знаний,Естественно-научная грамотность,,,,,"Тимофеева Л.Л. Первооткрыватели. Ребенок и окружающий мир. Альбом наблюдений. 6—7 лет. М.: БИНОМ. Лаборатория знаний: Редакция БИНОМ ДЕТСТВА, 2021. — 48 с.: ил. — (Мир открытий)"
2021,Статья в сборнике,Подготовка педагогов к формированию социальной функциональной грамотности у младших школьников,,ФГБНУ «Институт стратегии развития образования РАО»,Функциональная грамотность; Профессиональное развитие педагогов,с. 488–497,,,,"Тимофеева Л.Л. Подготовка педагогов к формированию социальной функциональной грамотности у младших школьников // Международная научно-практическая конференция «Образовательное пространство в информационную эпоху» (2021 International conference ’’Education Environment for the Information Age” (EEIA– 2021)): сборник научных трудов / под ред. С.В. Ивановой. М.: ФГБНУ «Институт стратегии развития образования РАО», 2021. – 608 с. С. 488—497"
2021,Статья в журнале,Подготовка учителей к формированию у младших школьников культуры безопасности,,,Культура безопасности; Профессиональное развитие педагогов,с. 22–27,10.12737/1998-0728-2021-9-4-22-27,,https://doi.org/10.12737/1998-0728-2021-9-4-22-27,Тимофеева Л.Л. Подготовка учителей к формированию у младших школьников культуры безопасности // Начальное образование. 2021. № 4. С. 22—27
2021,Методическое пособие,Познавательное развитие. Ознакомление с окружающим миром. Конспекты различных форм работы. 6—7 лет,,Русское слово – учебник,Проектная и исследовательская деятельность,,,,,"Тимофеева Л.Л. Познавательное развитие. Ознакомление с окружающим миром. Конспекты различных форм работы. 6—7 лет: методическое пособие. М.: ООО «Русское слово – учебник», 2021. – 560 с. — (ФГОС ДО. ПМК «Мозаичный ПАРК»)"
2021,Методическое пособие,Познавательное развитие. Ребенок и окружающий мир,Бережнова О.В.,Просвещение,Естественно-научная грамотность; Проектная и исследовательская деятельность,,,,,"Тимофеева Л.Л., Бережнова О.В. Познавательное развитие. Ребенок и окружающий мир. Методические рекомендации к программе «Мир открытий». Конспекты современных форм организации детских видов деятельности. Старшая группа детского сада. – М.: Просвещение, 2021. – 240 с"
2021,Методическое пособие,Познавательное развитие. Ребенок и окружающий мир,Бережнова О.В.,Просвещение,Естественно-научная грамотность; Проектная и исследовательская деятельность,,,,,"Тимофеева Л.Л., Бережнова О.В. Познавательное развитие. Ребенок и окружающий мир. Методические рекомендации к программе «Мир открытий». Конспекты современных форм организации детских видов деятельности. Подготовительная к школе группа детского сада. – М.: Просвещение, 2021. – 240 с"
2021,Статья в журнале,Проектирование адаптивной педагогической системы формирования культуры безопасности у детей дошкольного и младшего школьного возраста,,,Культура безопасности; Проектная и исследовательская деятельность,с. 236–245,,,,Тимофеева Л.Л. Проектирование адаптивной педагогической системы формирования культуры безопасности у детей дошкольного и младшего школьного возраста // Мир образования – образование в мире. 2021. № 4 (84). С. 236—245
2021,Статья в журнале,"Семинар-практикум, который поможет научить педагогов проводить безопасные мероприятия для детей",,,Культура безопасности,с. 56–65,,,,"Тимофеева Л.Л. Семинар-практикум, который поможет научить педагогов проводить безопасные мероприятия для детей // Справочник старшего воспитателя дошкольного учреждения. 2021. № 8. С. 56—65"
2021,Статья в сборнике,Формирование культуры безопасности у детей дошкольного и младшего школьного возраста,,МГОИРО,Культура безопасности; Дошкольное образование,с. 15–16,,,,"Тимофеева Л.Л. Формирование культуры безопасности у детей дошкольного и младшего школьного возраста // Научно-методическое сопровождение повышения квалификации педагогов: опыт, проблемы, перспективы : сборник тезисов VII Международной научно-практической конференции. 24-25 мая 2021 года, г. Могилёв / редкол. : М. М. Жудро [и др.] ; под общ. ред. С. А. Данилевича. – Могилёв : МГОИРО, 2021. – 502 с. С. 15—16"
2021,Монография,Формирование культуры безопасности у детей дошкольного и младшего школьного возраста. История и современность,Бозиев Р.С.,РУСАЙНС,Культура безопасности; Дошкольное образование,,,,https://www.knorus.ru/catalog/obrazovanie-i-pedagogika/614468-formirovanie-kul-tury-bezopasnosti-u-detey-doshkol-nogo-i-mladshego-shkol-nogo-vozrasta-istoriya-i-sovremennost-aspirantura-magistratura-monografiya/,"Тимофеева Л.Л. Формирование культуры безопасности у детей дошкольного и младшего школьного возраста. История и современность: монография / Л.Л. Тимофеева; науч. ред. Р.С. Бозиев. — М.: РУСАЙНС, 2021. — 260 с"
2021,Статья в журнале,Формирование у детей культуры безопасности: построение личностно ориентированных образовательных ситуаций,,,Культура безопасности,с. 21–29,,,,Тимофеева Л.Л. Формирование у детей культуры безопасности: построение личностно ориентированных образовательных ситуаций // Детский сад от А до Я. 2021. № 4. С. 21—29
2021,Статья в журнале,мира как фактор развития личности младшего школьника,,,,с. 58–60,,,,мира как фактор развития личности младшего школьника // Методист. 2021. № 3. С. 58—60
2020,Статья в журнале,Использование плакатов в процессе формирования культуры безопасности у детей дошкольного возраста,,,Культура безопасности; Дошкольное образование,с. 6–10,,,,Тимофеева Л.Л. Использование плакатов в процессе формирования культуры безопасности у детей дошкольного возраста // Дошкольная педагогика. 2020. № 5. С. 6—10
2020,Статья в сборнике,Итоги регионального проекта «Формирование культуры безопасности у детей дошкольного возраста»,,,Культура безопасности; Проектная и исследовательская деятельность,с. 136–139,,,,"Тимофеева Л.Л. Итоги регионального проекта «Формирование культуры безопасности у детей дошкольного возраста» // Дошкольное и начальное общее образование Орловской области. Педагогические новации. Специальный выпуск: «Федеральный государственный образовательный стандарт дошкольного образования: региональный опыт реализации». Сборник научно-методических статей. Часть I. – Орел, 2020. – 252 с. С. 136—139"
2020,Методическое пособие,Методические рекомендации по обеспечению информационной безопасности в образовательной организации,,,Информационная культура и безопасность; Культура безопасности,,,,,"Методические рекомендации по обеспечению информационной безопасности в образовательной организации / сост. Л. Л. Тимофеева. — Орёл: Бюджетное учреждение Орловской области дополнительного профессионального образования «Институт развития образования», 2020. — 58 с"
2020,Книга,Наш мир. Радость открытий. Как Аня и Дима узнали обо всем на свете,Бережнова О.В.,БИНОМ. Лаборатория знаний,,,,,,"Тимофеева Л.Л., Бережнова О.В. Наш мир. Радость открытий. Как Аня и Дима узнали обо всем на свете. — М.: БИНОМ. Лаборатория знаний: Редакция БИНОМ ДЕТСТВА, 2020. — 32 с.: ил. — (Мир открытий)"
2020,Статья в журнале,Обучение детей в области безопасности жизнедеятельности как самостоятельное направление в США в конце XIX-XX вв,,,Культура безопасности,с. 136–150,,,,Тимофеева Л.Л. Обучение детей в области безопасности жизнедеятельности как самостоятельное направление в США в конце XIX-XX вв. // Отечественная и зарубежная педагогика. 2020. № 1 (65). С. 136—150
2020,Статья в журнале,Овладение методами познания природных явлений как важная составляющая естественно-научной функциональной грамотности младшего школьника,,,Естественно-научная грамотность; Функциональная грамотность,с. 24–29,,,,Тимофеева Л.Л. Овладение методами познания природных явлений как важная составляющая естественно-научной функциональной грамотности младшего школьника // Начальное образование. 2020. № 3. С. 24—29
2020,Статья в журнале,Овладение методами познания природных явлений как важная составляющая естественно-научной функциональной грамотности младшего школьника (окончание статьи),,,Естественно-научная грамотность; Функциональная грамотность,с. 27–31,,,,Тимофеева Л.Л. Овладение методами познания природных явлений как важная составляющая естественно-научной функциональной грамотности младшего школьника (окончание статьи) // Начальное образование. 2020. № 4. С. 27—31
2020,Методическое пособие,Организация образовательной деятельности в ДОО. Примерное планирование. Вторая младшая группа (3-4 года),Корнеичева Е.Е.; Грачева Н.И.,ИНФРА-М,Планирование образовательной деятельности; Дошкольное образование,,10.12737/1072118.,,,"Тимофеева Л.Л., Корнеичева Е.Е., Грачева Н.И. Организация образовательной деятельности в ДОО. Примерное планирование. Вторая младшая группа (3-4 года): учебно-методическое пособие / под общ. ред. Л.Л. Тимофеевой. — Москва: ИНФРА-М, 2020. — 323 с. — (Среднее профессиональное образование). — DOI 10.12737/1072118"
2020,Методическое пособие,Организация образовательной деятельности в ДОО. Примерное планирование. Первая младшая группа (2-3 года),Корнеичева Е.Е.; Грачева Н.И.,ИНФРА-М,Планирование образовательной деятельности; Дошкольное образование,,10.12737/1072122.,,,"Тимофеева Л.Л., Корнеичева Е.Е., Грачева Н.И. Организация образовательной деятельности в ДОО. Примерное планирование. Первая младшая группа (2-3 года): учебно-методическое пособие /под общ. ред. Л.Л. Тимофеевой. — Москва: ИНФРА-М, 2020. — 337 с. — (Среднее профессиональное образование). — DOI 10.12737/1072122"
2020,Методическое пособие,Организация образовательной деятельности в ДОО. Примерное планирование. Подготовительная к школе группа (6-7 лет),Корнеичева Е.Е.; Грачева Н.И.,ИНФРА-М,Планирование образовательной деятельности; Дошкольное образование,,10.12737/1072122.,,,"Тимофеева Л.Л., Корнеичева Е.Е., Грачева Н.И. Организация образовательной деятельности в ДОО. Примерное планирование. Подготовительная к школе группа (6-7 лет): учебно-методическое пособие /под общ. ред. Л.Л. Тимофеевой. — Москва: ИНФРА-М, 2020. — 337 с. — (Среднее профессиональное образование). — DOI 10.12737/1072122"
2020,Методическое пособие,Организация образовательной деятельности в ДОО. Примерное планирование. Средняя группа (4-5 лет),Корнеичева Е.Е.; Грачева Н.И.,ИНФРА-М,Планирование образовательной деятельности; Дошкольное образование,,,,,"Тимофеева Л.Л., Корнеичева Е.Е., Грачева Н.И. Организация образовательной деятельности в ДОО. Примерное планирование. Средняя группа (4-5 лет): учебно-методическое пособие / под общ. ред. Л.Л. Тимофеевой. — Москва: ИНФРА-М, 2020. — 323 с. — (Среднее профессиональное образование)"
2020,Статья в журнале,Организация работы образовательных организаций по обеспечению информационной безопасности детей,,,Информационная культура и безопасность; Культура безопасности,с. 10–41,,,,Тимофеева Л.Л. Организация работы образовательных организаций по обеспечению информационной безопасности детей // Лидер образования. Выпуск 12.2020. С. 10—41
2020,Монография,Педагогические аспекты проблемы обеспечения информационной безопасности детей дошкольного и младшего школьного возраста,,МЦНП «Новая наука»,Информационная культура и безопасность; Культура безопасности,с. 99–112,,,,"Тимофеева Л.Л. Педагогические аспекты проблемы обеспечения информационной безопасности детей дошкольного и младшего школьного возраста // Цифровизация как драйвер роста науки и образования: [монография / Аюпова Г. Т. и др.] ; под общей ред. М. В. Посновой. Петрозаводск : МЦНП «Новая наука», 2020. – 263 с. С. 99—112"
2020,Статья в журнале,Повышение компетентности педагога по вопросам обеспечения информационной безопасности дошкольников,,,Информационная культура и безопасность; Культура безопасности,с. 12–22,,,,Тимофеева Л.Л. Повышение компетентности педагога по вопросам обеспечения информационной безопасности дошкольников // Детский сад от А до Я. 2020. № 2 (104) . С. 12—22
2020,Статья в сборнике,Повышение компетентности педагогов в вопросах информационной безопасности младших школьников,,,Информационная культура и безопасность; Культура безопасности,с. 78–83,,,,"Тимофеева Л.Л. Повышение компетентности педагогов в вопросах информационной безопасности младших школьников // Дистанционные образовательные технологии: опыт и перспективы. Сборник научных статей Международной научно-практической онлайн конференции. 28 мая 2020 года, г. Орел. Бюджетное учреждение Орловской области дополнительного профессионального образования «Институт развития образования», 2020. – 344 с. – ISBN 978-5-9909476-1-0. С. 78—83"
2020,Статья в журнале,Подготовка педагога к решению задач обеспечения безопасности детей дошкольного возраста,,,Культура безопасности; Профессиональное развитие педагогов,с. 119–128,,,,Тимофеева Л.Л. Подготовка педагога к решению задач обеспечения безопасности детей дошкольного возраста // Вестник СурГПУ. 2020. № 1 (64). С. 119—128
2020,Статья в сборнике,Подготовка педагога к формированию культуры безопасности у детей дошкольного возраста,,Академия последипломного образования (Минск),Культура безопасности; Профессиональное развитие педагогов,с. 822–827,,,http://www.academy.edu.by/files/sem%20konf%202020/sbornik%203%20mkonf%205%20nov%202020.pdf,"Тимофеева Л.Л. Подготовка педагога к формированию культуры безопасности у детей дошкольного возраста // Непрерывное образование педагогов: достижения, проблемы, перспективы [Электронный ресурс] : материалы III Междунар. науч.-практ. конференции, Минск, 5 ноября 2020 г. / М-во образования Респ. Беларусь, ГУО «Акад. последиплом. образования». – Минск : АПО, 2020. С. 822—827"
2020,Статья в журнале,Познавательное развитие дошкольников: наблюдение как практический способ открытия окружающего мира,,,Проектная и исследовательская деятельность; Дошкольное образование,с. 20–21,,,,Тимофеева Л.Л. Познавательное развитие дошкольников: наблюдение как практический способ открытия окружающего мира // Дошкольный мир. 2020. Апрель—июнь. С. 20—21
2020,Методическое пособие,Познавательное развитие. Ребенок и окружающий мир,Бережнова О.В.,БИНОМ. Лаборатория знаний,Естественно-научная грамотность; Проектная и исследовательская деятельность,,,,,"Тимофеева Л.Л., Бережнова О.В. Познавательное развитие. Ребенок и окружающий мир. Методические рекомендации к программе «Мир открытий». Конспекты современных форм организации детских видов деятельности. Средняя группа детского сада. – М.: БИНОМ. Лаборатория знаний: Редакция БИНОМ ДЕТСТВА, 2020. – 208 с"
2020,Статья в сборнике,Региональный опыт формирования основ финансовой грамотности у детей дошкольного возраста,Лукьянов В.В.,,Функциональная грамотность; Дошкольное образование,с. 78–82,,,,"Лукьянов В.В., Тимофеева Л.Л. Региональный опыт формирования основ финансовой грамотности у детей дошкольного возраста // Дошкольное и начальное общее образование Орловской области. Педагогические новации. Специальный выпуск: «Федеральный государственный образовательный стандарт дошкольного образования: региональный опыт реализации». Сборник научно-методических статей. – Орел, 2020. – 252 с. С. 78—82"
2020,Статья в сборнике,Роль учебного предмета «Окружающий мир» в формировании естественно-научной функциональной грамотности младшего школьника,,Институт развития образования (Краснодар),Естественно-научная грамотность; Функциональная грамотность,с. 24–28,,,,"Тимофеева Л.Л. Роль учебного предмета «Окружающий мир» в формировании естественно-научной функциональной грамотности младшего школьника // Успешные управленческие и педагогические практики реализации ФГОС начального общего образования. Сборник материалов VI Краевой научно-практической конференции. 25 ноября 2020 г., г. Краснодар [Текст] / отв. ред. Т.И. Жилина, Ю.Ю. Стан – Краснодар: ИРО, 2020. – 186. с. С. 24—28"
2020,Статья в журнале,Создание безопасной информационной среды в дошкольной образовательной организации,,,Информационная культура и безопасность; Культура безопасности,с. 26–38,,,,Тимофеева Л.Л. Создание безопасной информационной среды в дошкольной образовательной организации // Детский сад от А до Я. 2020. № 1. С. 26—38
2020,Статья в журнале,Создание безопасной информационной среды в образовательной организации,,,Информационная культура и безопасность; Культура безопасности,с. 27–37,,,,Тимофеева Л. Л. Создание безопасной информационной среды в образовательной организации // Образование в Орловской области. 2020. № 2. С. 27—37
2020,Методическое пособие,Формирование культуры безопасности у детей 3—8 лет. Мы и природа. Наглядно-методическое пособие,,Детство-Пресс,Культура безопасности,,,,,"Тимофеева Л.Л. Формирование культуры безопасности у детей 3—8 лет. Мы и природа. Наглядно-методическое пособие. СПб.: Детство-пресс, 2020. – 8 с"
2020,Статья в журнале,Формирование основ финансовой культуры у детей старшего дошкольного возраста,,,Дошкольное образование,,,,,Тимофеева Л.Л. Формирование основ финансовой культуры у детей старшего дошкольного возраста // Воспитатель ДОУ. 2020. № 11
2020,Статья в журнале,Формирование основ экономической и финансовой грамотности у детей дошкольного возраста,,,Функциональная грамотность; Дошкольное образование,с. 26–32,,,,Тимофеева Л.Л. Формирование основ экономической и финансовой грамотности у детей дошкольного возраста // Дошкольная педагогика. 2020. № 9. С. 26—32
2020,Статья в журнале,Характеристика компетентности педагога по вопросам обеспечения информационной безопасности на основе профессионального стандарта «Педагог»,Королева Н.И.,,Информационная культура и безопасность; Культура безопасности,с. 11–12,,,,"Тимофеева Л.Л., Королева Н.И. Характеристика компетентности педагога по вопросам обеспечения информационной безопасности на основе профессионального стандарта «Педагог» // Внешкольник. 2020. № 1 (193). С. 11—12"
2019,Статья в журнале,Былины как средство духовно-нравственного и патриотического воспитания старших дошкольников,Потапова Т.В.,,Духовно-нравственное воспитание; Дошкольное образование,с. 92–97,,,,"Тимофеева Л.Л., Потапова Т.В. Былины как средство духовно-нравственного и патриотического воспитания старших дошкольников // Воспитатель ДОУ. 2019. № 12. С. 92—97"
2019,Статья в журнале,Закономерности развития системы обучения в области безопасности,,,Культура безопасности,с. 65–76,,,,Тимофеева Л.Л. Закономерности развития системы обучения в области безопасности // Педагогика. 2019. № 5. С. 65—76
2019,Статья в журнале,Компетентность педагога в обеспечении информационной безопасности детей дошкольного возраста,,,Информационная культура и безопасность; Культура безопасности,,,,,Тимофеева Л.Л. Компетентность педагога в обеспечении информационной безопасности детей дошкольного возраста // Образование в Орловской области. 2019. № 1. C. 43—53
2019,Статья в сборнике,Концепция формирования культуры безопасности у детей дошкольного возраста,,,Культура безопасности; Дошкольное образование,,,,,"Тимофеева Л.Л. Концепция формирования культуры безопасности у детей дошкольного возраста // Материалы Всероссийской научно-практической конференции «Реализация ФГОС как условие повышения качества образования». 16—17 мая 2019 года, г. Белгород"
2019,Книга,Лиса и лапоть. Интерактивные сказки,,Билингва,,,,,,"Тимофеева Л.Л. Лиса и лапоть. Интерактивные сказки. М.: Издательство Билингва, 2019. – 32 с"
2019,Книга,Методические материалы к программе профессиональной переподготовки «Дошкольное образование»,Бережнова О.В.; Бойко В.В.; Коркина О.С.; Попова И.Е.; Саутина М.А.,,Планирование образовательной деятельности; Профессиональное развитие педагогов,,,,,"Методические материалы к программе профессиональной переподготовки «Дошкольное образование». Издание 3-е, переработанное и дополненное. Составители: Бережнова О.В., Тимофеева Л.Л., Бойко В.В., Коркина О.С., Попова И.Е., Саутина М.А. / Под общей редакцией О.В. Бережновой, Л.Л. Тимофеевой. – Орел: 2019. – 116 с"
2019,Статья в журнале,Обеспечение информационной безопасности детей дошкольного возраста,,,Информационная культура и безопасность; Культура безопасности,с. 4–10,,,,Тимофеева Л.Л. Обеспечение информационной безопасности детей дошкольного возраста // Дошкольное воспитание. 2019. № 7. С. 4—10
2019,Статья в сборнике,Обеспечение преемственности в формировании культуры безопасности на уровнях дошкольного и начального общего образования,,Институт развития образования (Краснодар),Культура безопасности; Планирование образовательной деятельности,с. 211–214,,,,"Тимофеева Л.Л. Обеспечение преемственности в формировании культуры безопасности на уровнях дошкольного и начального общего образования // Преемственность дошкольного и начального общего образования: современный взгляд в условиях реализации ФГОС: материалы Межрегиональной научно-практической конференции. 27-28 февраля 2019 года. Липецк: ГАУДПО ЛО «ИРО», 2019. – 250 с. С. 211—214"
2019,Книга,От лета до лета. Ребёнок и окружающий мир. Альбом наблюдений. 4—5 лет,,БИНОМ. Лаборатория знаний,Естественно-научная грамотность,,,,,"Тимофеева Л.Л. От лета до лета. Ребёнок и окружающий мир. Альбом наблюдений. 4—5 лет / Тимофеева Л.Л. — М.: БИНОМ. Лаборатория знаний: Редакция БИНОМ ДЕТСТВА, 2019. — 48 с.: ил. — (Мир открытий)"
2019,Методическое пособие,Познавательное развитие. Ознакомление с окружающим миром. Конспекты различных форм работы. 4—5 лет,,Русское слово – учебник,Проектная и исследовательская деятельность,,,,,"Тимофеева Л.Л. Познавательное развитие. Ознакомление с окружающим миром. Конспекты различных форм работы. 4—5 лет: методическое пособие. М.: ООО «Русское слово – учебник», 2019. – 432 с"
2019,Методическое пособие,Познавательное развитие. Ознакомление с окружающим миром. Конспекты различных форм работы. 5—6 лет,,Русское слово – учебник,Проектная и исследовательская деятельность,,,,,"Тимофеева Л.Л. Познавательное развитие. Ознакомление с окружающим миром. Конспекты различных форм работы. 5—6 лет: методическое пособие. М.: ООО «Русское слово – учебник», 2019. – 512 с"
2019,Статья в журнале,Познавательный проект для старших дошкольников «Сохраним елочку»,,,Проектная и исследовательская деятельность; Дошкольное образование,с. 63–74,,,,Тимофеева Л.Л. Познавательный проект для старших дошкольников «Сохраним елочку» // Воспитатель ДОУ. 2019. № 12. С. 63—74
2019,Статья в журнале,Проблема обеспечения безопасности человека и государства в истории философской и педагогической мысли,,,Культура безопасности,с. 94–108,,,,Тимофеева Л.Л. Проблема обеспечения безопасности человека и государства в истории философской и педагогической мысли // Ценности и смыслы. 2019. № 6 (64). С. 94—108
2019,Статья в сборнике,Создание адаптивной педагогической системы формирования культуры безопасности у детей дошкольного возраста,,,Культура безопасности; Дошкольное образование,с. 249–254,,,,"Тимофеева Л.Л. Создание адаптивной педагогической системы формирования культуры безопасности у детей дошкольного возраста // Материалы III Международной научно-практической конференции, посвященной 110-летию со дня рождения академика Н.А. Пилюгина «Фундаментально-прикладные проблемы безопасности, живучести, надёжности, устойчивости и эффективности систем». Елец, 3—5 июня 2019 г. С. 249—254"
2019,Книга,Тёмина весна. Материнская школа,,Билингва,,,,,,"Тимофеева Л.Л. Тёмина весна. Материнская школа. М.: Издательство Билингва, 2019. – 64 с"
2019,Книга,Тёмино лето. Материнская школа,,Билингва,,,,,,"Тимофеева Л.Л. Тёмино лето. Материнская школа. М.: Издательство Билингва, 2019. – 64 с"
2019,Книга,Удивительное рядом. Ребёнок и окружающий мир. Альбом наблюдений. 5—6 лет,,БИНОМ. Лаборатория знаний,Естественно-научная грамотность,,,,,"Тимофеева Л.Л. Удивительное рядом. Ребёнок и окружающий мир. Альбом наблюдений. 5—6 лет / Тимофеева Л.Л. — М.: БИНОМ. Лаборатория знаний: Редакция БИНОМ ДЕТСТВА, 2019. — 48 с.: ил. — (Мир открытий)"
2019,Статья в сборнике,Формирование культуры безопасности жизнедеятельности младших школьников: подходы к проектированию содержания и оценке качества реализации образовательных программ на уровне начального общего образования,Бутримова И.В.,Орловский гос. ин-т культуры,Культура безопасности; Проектная и исследовательская деятельность,с. 205–210,,,,"Тимофеева Л.Л., Бутримова И.В. Формирование культуры безопасности жизнедеятельности младших школьников: подходы к проектированию содержания и оценке качества реализации образовательных программ на уровне начального общего образования // Дополнительное образование – социокультурный институт самореализации детей и молодежи (к 100-летию системы дополнительного образования): материалы Всероссийской научно-практической конференции (г. Орел, 27 сентября 2018 г.) / ред. кол.: Е.В. Манохин, Л.Н. Орлова, А.В. Михайлина, М.В. Мартынова. – Орел: Орловский гос. ин-т культуры, 2019. – 248 с. С. 205—210"
2018,Книга,Весёлые деньки. Ребёнок и окружающий мир. Альбом наблюдений. 3–4 года,,БИНОМ. Лаборатория знаний,Естественно-научная грамотность,,,,,"Тимофеева Л.Л. Весёлые деньки. Ребёнок и окружающий мир. Альбом наблюдений. 3–4 года / Тимофеева Л.Л. — М.: БИНОМ. Лаборатория знаний: Редакция БИНОМ ДЕТСТВА, 2018. — 48 с.: ил. — (Мир открытий)"
2018,Книга,"Достижение обучающимися личностных, метапредметных и предметных результатов при освоении программы курса внеурочной деятельности «Формирование культуры безопасности жизнедеятельности у младших школьников». Метапредметное и межпредметное в современном образовании",,,Культура безопасности; Планирование образовательной деятельности,с. 160–165,,,,"Тимофеева Л.Л. Достижение обучающимися личностных, метапредметных и предметных результатов при освоении программы курса внеурочной деятельности «Формирование культуры безопасности жизнедеятельности у младших школьников». Метапредметное и межпредметное в современном образовании: Материалы Межрегиональной открытой педагогической научно-практической конференции «Родионовские чтения» Сборник содержит доклады и статьи педагогов, чей профессиональный интерес и деятельность направлены на решение актуальных задач образования, воспитания и развития детей и молодежи. – Казань, 2018. – 261 с. С. 160-165"
2018,Статья в журнале,Как организовать наблюдения с детьми этим летом. Рекомендации и конспекты,,,Профессиональное развитие педагогов,с. 34–39,,,,Тимофеева Л.Л. Как организовать наблюдения с детьми этим летом. Рекомендации и конспекты // Справочник старшего воспитателя. 2018. № 6. С. 34—39
2018,Статья в сборнике,Компетентность педагога в вопросах формирования культуры безопасности у дошкольников,,КРИПКиПРО,Культура безопасности; Профессиональное развитие педагогов,с. 92–96,,,,"Тимофеева Л.Л. Компетентность педагога в вопросах формирования культуры безопасности у дошкольников / Л. Л. Тимофеева // Современные подходы к развитию системы-дошкольного образования в условиях реализации ФГОС: теория, практика и тенденции [Текст]: материалы VI Всероссийской научно-практической интернет-конференции, г. Кемерово, 26–27 сентября 2018 года : в 2 ч. / ред. кол.: Е. А. Пахомова, А. В. Чепкасов, Л. В. Чванова и др. – Кемерово: Изд-во КРИПКиПРО, 2018. – Ч. 1 – С. 92–96"
2018,Статья в журнале,Конструирование урока на основе системно-деятельностного подхода,,,Начальное образование,с. 23–28,,,,Тимофеева Л.Л. Конструирование урока на основе системно-деятельностного подхода // Начальная школа. 2018. № 10. С. 23—28
2018,Книга,Мир чудес. Правдивая история о необыкновенном путешествии Колобка и его друзей. Ребёнок и окружающий мир,Бережнова О.В.,БИНОМ. Лаборатория знаний,Естественно-научная грамотность,,,,,"Бережнова О.В., Тимофеева Л.Л. Мир чудес. Правдивая история о необыкновенном путешествии Колобка и его друзей. Ребёнок и окружающий мир / О.В. Бережнова, Л.Л. Тимофеева. — М.: БИНОМ. Лаборатория знаний: Редакция БИНОМ ДЕТСТВА, 2018. — 32 с.: ил. — (Мир открытий)"
2018,Статья в журнале,Обеспечение непрерывности дошкольным и начальным общим образованием,,,Дошкольное образование; Начальное образование,с. 14–16,10.12737/article_5b2bb51619ef66.24334928,,https://doi.org/10.12737/article_5b2bb51619ef66.24334928,Тимофеева Л.Л. Обеспечение непрерывности дошкольным и начальным общим образованием // Начальное образование. 2018. Том 6 Номер 3. С. 14—16
2018,Методическое пособие,Окружающий мир,Бутримова И.В.,Просвещение,Естественно-научная грамотность,,,,,"Тимофеева Л.Л., Бутримова И.В. Окружающий мир. Методическое пособие с поурочными разработками. 2 класс. М.: Просвещение, 2018. – 207 с"
2018,Статья в сборнике,Онлайн-олимпиада для учителей начальных классов как форма самоаудита педагогов при подготовке к аттестации,Бутримова И.В.,Институт развития образования (Владимир),Профессиональное развитие педагогов; Начальное образование,с. 83–89,,,,"Тимофеева Л.Л., Бутримова И.В. Онлайн-олимпиада для учителей начальных классов как форма самоаудита педагогов при подготовке к аттестации // Региональные модели управления системой оценки качества общего образования: Материалы всероссийской конференции-совещания (Воронеж, 25 октября 2017 г.). – Воронеж: ВИРО, 2018. – 172 с. С. 83—89"
2018,Статья в сборнике,Отражение традиций обучения в области безопасности в философской и педагогической мысли,,Педагогическое общество России,Культура безопасности,с. 41–46,,,,"Тимофеева Л.Л. Отражение традиций обучения в области безопасности в философской и педагогической мысли // Ребенок в образовании. Тематический сборник материалов Всероссийских научно-практических конференций 2018 года. – М.: Педагогическое общество России, 2018. – 128 с. С. 41—46"
2018,Монография,Педагогические аспекты проблемы обеспечения безопасности детей. Историко-культурный анализ,,ИНФРА-М,Культура безопасности,,,,,"Тимофеева Л.Л. Педагогические аспекты проблемы обеспечения безопасности детей. Историко-культурный анализ. Монография. М.: Инфра-М, 2018. – 205 с"
2018,Статья в журнале,Поддержка детского экспериментирования в ДОО,,,Дошкольное образование,с. 4–7,,,,Тимофеева Л.Л. Поддержка детского экспериментирования в ДОО // Дошкольная педагогика. 2018. № 1. С. 4—7
2018,Методическое пособие,Познавательное развитие. Ознакомление с окружающим миром. Конспекты различных форм работы. 3—4 года,,Русское слово – учебник,Проектная и исследовательская деятельность,,,,,"Тимофеева Л.Л. Познавательное развитие. Ознакомление с окружающим миром. Конспекты различных форм работы. 3—4 года: методическое пособие. М.: ООО «Русское слово – учебник», 2018. – 320 с"
2018,Методическое пособие,Познавательное развитие. Ребенок и окружающий мир,Бережнова О.В.,БИНОМ. Лаборатория знаний,Естественно-научная грамотность; Проектная и исследовательская деятельность,,,,,"Тимофеева Л.Л., Бережнова О.В. Познавательное развитие. Ребенок и окружающий мир. Методические рекомендации к программе «Мир открытий». Конспекты современных форм организации детских видов деятельности. Вторая младшая группа детского сада. – М.: Издательство «Бином. Лаборатория знаний», 2018. – 176 с"
2018,Статья в журнале,Профессиональная онлайн-олимпиада,Бережнова О.В.,,Профессиональное развитие педагогов,с. 16–27,,,,"Тимофеева Л.Л., Бережнова О.В. Профессиональная онлайн-олимпиада – новая форма методической поддержки воспитателей // Справочник старшего воспитателя. 2018. № 2. С. 16—27"
2018,Статья в сборнике,Региональный проект «Формирование культуры безопасности у детей дошкольного возраста»,,,Культура безопасности; Проектная и исследовательская деятельность,с. 107–110,,,,"Тимофеева Л.Л. Региональный проект «Формирование культуры безопасности у детей дошкольного возраста» // Дошкольное и начальное общее образование Орловской области. Педагогические новации. Специальный выпуск «Федеральный государственный образовательный стандарт дошкольного образования: региональный опыт реализации». Сборник научно-методических статей. – Орел, 2018. – 447 с. С. 107—110"
2018,Статья в сборнике,Уровневый подход к оценке достижения обучающимися планируемых результатов как условие повышения эффективности реализации ФГОС начального общего образования,Бутримова И.В.,Институт развития образования (Владимир),Планирование образовательной деятельности; Начальное образование,с. 92–101,,,,"Бутримова И.В., Тимофеева Л.Л. Уровневый подход к оценке достижения обучающимися планируемых результатов как условие повышения эффективности реализации ФГОС начального общего образования // Региональные модели управления системой оценки качества общего образования: Материалы всероссийской конференции-совещания (Воронеж, 25 октября 2017 г.). – Воронеж: ВИРО, 2018. – 172 с. С. 92—101"
2018,Статья в журнале,Уровневый подход к оценке достижения учащимися планируемых результатов на уроках окружающего мира,,,Начальное образование,с. 24–30,,,,Тимофеева Л.Л. Уровневый подход к оценке достижения учащимися планируемых результатов на уроках окружающего мира // Начальная школа. 2018. № 5. С. 24—30
2018,Статья в сборнике,Формирование культуры безопасности как важный аспект позитивной социализации дошкольников,,ЗАО «Университетская книга»,Культура безопасности; Дошкольное образование,с. 286–291,,,,"Тимофеева Л.Л. Формирование культуры безопасности как важный аспект позитивной социализации дошкольников // Психолого-педагогические проблемы развития ребенка в современных социокультурных условиях: материалы ВНПК с международным участием, Курск, 29—30 марта 2018 г. Курск: Изд-во ЗАО «Университетская книга», 2018. – 454 с. С. 286—291"
2018,Статья в сборнике,Формирование культуры безопасности как важный аспект социализации дошкольников,,ИД «Белгород» НИУ «БелГУ»,Культура безопасности; Дошкольное образование,с. 39–43,,,,"Тимофеева Л.Л. Формирование культуры безопасности как важный аспект социализации дошкольников // Проблемы социализации и индивидуализации личности в образовательном пространстве: сборник материалов МНПК. Г. Белгород, 22—23 ноября 2018 г. Белгород: ИД «Белгород» НИУ «БелГУ», 2018. – 318 с. С. 39—43"
2018,Статья в журнале,Формирование культуры безопасности у младших школьников. Взаимодействие семьи и школы,,,Культура безопасности,с. 60–65,,,,Тимофеева Л.Л. Формирование культуры безопасности у младших школьников. Взаимодействие семьи и школы // Начальная школа. 2018. № 1. С. 60—65
2018,Статья в сборнике,Формирование предпосылок учебной деятельности у дошкольников как одно из условий преемственности дошкольного и начального общего образования,,Институт развития образования (Краснодар),Планирование образовательной деятельности; Дошкольное образование,с. 21–26,,,,"Тимофеева Л.Л. Формирование предпосылок учебной деятельности у дошкольников как одно из условий преемственности дошкольного и начального общего образования // Психолого-педагогический, социальный и управленческий аспекты реализации Федерального государственного образовательного стандарта дошкольного образования: материалы Межрегиональной НПК. 28.02.2018. – Липецк: ГАУДПО ЛО «ИРО», 2018. – 264 с. С. 21—26"
2018,Статья в журнале,Элементы культуры как средства передачи опыта безопасного поведения от поколения к поколению,,,Культура безопасности,,,,https://naukaru.ru/ru/nauka/article/19787/view,Тимофеева Л.Л. Элементы культуры как средства передачи опыта безопасного поведения от поколения к поколению // Журнал философских исследований. Том 3. № 4. 2018
2017,Статья в журнале,Былины как средство патриотического воспитания дошкольников,Потапова Т.В.,,Дошкольное образование,с. 58–66,,,,"Тимофеева Л.Л., Потапова Т.В. Былины как средство патриотического воспитания дошкольников // Детский сад: теория и практика. 2017. № 11. С. 58—66"
2017,Статья в журнале,Выбор эффективных методов и форм организации образовательной деятельности для решения задач формирования культуры безопасности у детей дошкольного возраста,,,Культура безопасности; Дошкольное образование,с. 7–11,,,,Тимофеева Л.Л. Выбор эффективных методов и форм организации образовательной деятельности для решения задач формирования культуры безопасности у детей дошкольного возраста // Дошкольная педагогика. 2017. № 6 (131). С. 7—11
2017,Статья в журнале,Как конструировать проверочную работу по предмету «Окружающий мир»,Бутримова И.В.,,Естественно-научная грамотность,с. 20–31,,,,"Бутримова И.В., Тимофеева Л.Л. Как конструировать проверочную работу по предмету «Окружающий мир» // Управление начальной школой. 2017. № 11. С. 20—31"
2017,Статья в журнале,Как применять наблюдение и эксперимент на уроках по окружающему миру,,,Естественно-научная грамотность; Начальное образование,с. 60–70,,,,Тимофеева Л.Л. Как применять наблюдение и эксперимент на уроках по окружающему миру // Управление начальной школой. 2017. № 1. С. 60—70
2017,Статья в журнале,Какие проверочные задания разработать учителю для урока окружающего мира,,,Профессиональное развитие педагогов; Начальное образование,с. 10–19,,,,Тимофеева Л.Л. Какие проверочные задания разработать учителю для урока окружающего мира // Управление начальной школой. 2017. № 11. С. 10—19
2017,Статья в журнале,Межрегиональный проект «профессиональная онлайн-олимпиада «Метапредметные результаты на уровне начального общего образования»,Бутримова И.В.,,Проектная и исследовательская деятельность; Профессиональное развитие педагогов,с. 96–104,,,,"Тимофеева Л.Л., Бутримова И.В. Межрегиональный проект «профессиональная онлайн-олимпиада «Метапредметные результаты на уровне начального общего образования» // Вестник Бел ИРО. 2017. № 1 (3). С. 96—104"
2017,Книга,Методические материалы к программе профессиональной переподготовки «Дошкольное образование»,Бережнова О.В.; Капунова Т.М.; Бойко В.В.; Коркина О.С.; Попова И.Е.,Институт развития образования (Краснодар),Планирование образовательной деятельности; Профессиональное развитие педагогов,,,,,"Методические материалы к программе профессиональной переподготовки «Дошкольное образование». Составители: Бережнова О.В., Тимофеева Л.Л., Капунова Т.М., Бойко В.В., Коркина О.С., Попова И.Е. / Под общ. Ред. О.В. Бережновой, Л.Л. Тимофеевой. Изд. 2-е, переработанное. – Орел: ИРО, 2017. – 140 с"
2017,Статья в сборнике,Методологические основы формирования культуры безопасности на разных уровнях основного общего образования,,,Культура безопасности,с. 547–553,,,,"Тимофеева Л.Л. Методологические основы формирования культуры безопасности на разных уровнях основного общего образования // Всероссийская научная конференция с международным участием «Современные аспекты структурно-функциональной биологии растений: от молекул до экосистем». г. Орел, 28-30 сентября 2017 года. С. 547—553"
2017,Методическое пособие,Окружающий мир,Бутримова И.В.,Просвещение,Естественно-научная грамотность,,,,,"Тимофеева Л.Л., Бутримова И.В. Окружающий мир. Методическое пособие с поурочными разработками. 1 класс. М.: Просвещение, 2017. – 207 с"
2017,Методическое пособие,Оценка качества образования и использование результатов оценивания образовательных достижений обучающихся на уровне начального общего образования,Бутримова И.В.,Орловский институт развития образования,Начальное образование,,,,,"Бутримова И.В, Тимофеева Л.Л. Оценка качества образования и использование результатов оценивания образовательных достижений обучающихся на уровне начального общего образования: материалы для организации индивидуальной работы обучающегося по дополнительной профессиональной образовательной программе повышения квалификации: учебно-методическое пособие / И. В. Бутримова, Л. Л. Тимофеева, Л. И. Беляева, Ю. В. Большакова, Н. М. Пухальская ; под редакцией И. В. Бутримовой, Л. Л. Тимофеевой. — Орёл: БУ ОО ДПО «Институт развития образования», 2017. — 40 с"
2017,Статья в журнале,Оценка образовательных достижений обучающихся начальной школы на основе уровневого подхода,,,Начальное образование,с. 62–70,,,,Тимофеева Л.Л. Оценка образовательных достижений обучающихся начальной школы на основе уровневого подхода // Педагогическое Зауралье. 2017. №3 (85). С. 62—70
2017,Программа / планирование,Парциальная программа «Бадминтон для дошкольников». Планирование и конспекты занятий,,Русское слово – учебник,Планирование образовательной деятельности; Дошкольное образование,,,,,"Тимофеева Л.Л. Парциальная программа «Бадминтон для дошкольников». Планирование и конспекты занятий. М.: ООО «Русское слово – учебник», 2017. – 168 с"
2017,Статья в сборнике,Подходы к проектированию и оценке результатов освоения курса внеурочной деятельности «Формирование культуры безопасности жизнедеятельности младших школьников»,Бутримова И.В.,Типография «Старая Вятка»,Культура безопасности; Проектная и исследовательская деятельность,с. 348–355,,,,"Тимофеева Л.Л., Бутримова И.В. Подходы к проектированию и оценке результатов освоения курса внеурочной деятельности «Формирование культуры безопасности жизнедеятельности младших школьников» // Актуальные вопросы внеурочной деятельности в образовательной организации: Сборник материалов участников Всероссийской научно-практической конференции (30 ноября – 1 декабря 2017 года, г. Киров) / Отв. ред. Т.В. Стебакова; КОГОАУ ДПО «ИРО Кировской области». – Киров: ООО «Типография «Старая Вятка», 2017. – 699 с. С. 348—355"
2017,Статья в сборнике,Построение урока по учебному предмету «Окружающий мир» в соответствии с ФГОС: методические особенности,,,Естественно-научная грамотность; Планирование образовательной деятельности,с. 170–174,,,,"Тимофеева Л.Л. Построение урока по учебному предмету «Окружающий мир» в соответствии с ФГОС: методические особенности // V Международная научно-практическая конференция «Актуальные проблемы естественно-научного образования, защита окружающей среды и здоровья человека». 16.05.2017, г. Орел. С. 170—174"
2017,Статья в журнале,Проблема безопасности детей в народной педагогике,,,Культура безопасности,с. 34–44,,,,Тимофеева Л.Л. Проблема безопасности детей в народной педагогике // Детский сад: теория и практика. 2017. № 1. С. 34—44
2017,Статья в журнале,Проблема безопасности детей в педагогической мысли XVI—XX века,,,Культура безопасности,с. 96–104,,,,Тимофеева Л.Л. Проблема безопасности детей в педагогической мысли XVI—XX века // Педагогика. 2017. № 4. С. 96—104
2017,Статья в сборнике,Проблема обеспечения преемственности формирования культуры безопасности у детей дошкольного и младшего школьного возраста,,Педагогическое общество России,Культура безопасности; Планирование образовательной деятельности,с. 99–103,,,,"Тимофеева Л.Л. Проблема обеспечения преемственности формирования культуры безопасности у детей дошкольного и младшего школьного возраста // Ребенок в образовании. Тематический сборник материалов Всероссийских научно-практических конференций 2017 года. – М.: Педагогическое общество России, 2017. – 192 с. С. 99—103"
2017,Статья в сборнике,Проблемы сопровождения профессионального развития педагогов в контексте задач реализации федерального государственного образовательного стандарта начального общего образования,Бутримова И.В.,Институт развития образования (Краснодар),Профессиональное развитие педагогов; Начальное образование,,,,,"Бутримова И.В., Тимофеева Л.Л. Проблемы сопровождения профессионального развития педагогов в контексте задач реализации федерального государственного образовательного стандарта начального общего образования // Актуальные проблемы реализации ФГОС общего образования в образовательных организациях Орловской области : сборник материалов IV региональной научно-практической конференции (Орёл, 19 апреля 2017 г.). – Орёл: ИРО, 2017 – 102 с"
2017,Книга,Проектирование дополнительных образовательных программ для учителей начальных классов по проблемам оценочной деятельности 2017,Бутримова И.В.,,Проектная и исследовательская деятельность; Планирование образовательной деятельности,,,,http://www.apkpro.ru/doc/Butrimova_Timofeeva.pdf.,"Бутримова И.В, Тимофеева Л.Л. Проектирование дополнительных образовательных программ для учителей начальных классов по проблемам оценочной деятельности 2017"
2017,Статья в сборнике,Профессиональная олимпиада для учителей начальных классов,Бутримова И.В.,,Профессиональное развитие педагогов; Начальное образование,с. 343–346,,,,"Тимофеева Л.Л., Бутримова И.В. Профессиональная олимпиада для учителей начальных классов // Профессиональная деятельность педагога в условиях преемственности дошкольного и начального общего образования / Материалы Международной научно-практической конференции, 16–17 февраля 2017 г., г. Орехово-Зуево – г. Москва. – М.: Педагогическое общество России; ГОУ ВО МО ГГТУ, 2017. С. 343—346"
2017,Статья в сборнике,Региональная олимпиада как элемент модели развития профессиональной компетентности учителя начальных классов,Бутримова И.В.,,Профессиональное развитие педагогов; Начальное образование,с. 75–80,,,http://www.apkpro.ru/doc/New_%D0%A7%D0%B0%D1%81%D1%82%D1%8C_1(1-288).pdf,"Бутримова И.В., Тимофеева Л.Л. Региональная олимпиада как элемент модели развития профессиональной компетентности учителя начальных классов // Повышение квалификации педагогических кадров в изменяющемся образовании. Сборник материалов V Всероссийской интернет-конференции с международным участием (20—22 декабря 2016 г.). М., 2017. С. 75—80"
2017,Статья в журнале,Роль дидактической игры в развитии детей дошкольного возраста,Ходакова М.А.,,Дошкольное образование,с. 70–79,,,,"Тимофеева Л.Л., Ходакова М.А. Роль дидактической игры в развитии детей дошкольного возраста // Детский сад: теория и практика. 2017. № 6. С. 70—79"
2017,Статья в журнале,Стандартизация и проблемы преемственности дошкольного и начального общего образования,Майер А.А.,,Планирование образовательной деятельности; Дошкольное образование,с. 183–188,,,,"Тимофеева Л.Л., Майер А.А. Стандартизация и проблемы преемственности дошкольного и начального общего образования // Дошкольное и начальное общее образование Орловской области. Педагогические новации, 2017. С. 183—188"
2017,Статья в журнале,Теоретические подходы и практика обучения в области безопасности в школах США в ХХ в,,,Культура безопасности,,,,,"Тимофеева Л.Л. Теоретические подходы и практика обучения в области безопасности в школах США в ХХ в. // Журнал педагогических исследований. Том 2 № 5, 2017"
2017,Книга,Формирование культуры безопасности. Конспекты современных форм организации детских видов деятельности,,Детство-Пресс,Культура безопасности,,,,,"Тимофеева Л.Л. Формирование культуры безопасности. Конспекты современных форм организации детских видов деятельности. СПб.: ООО «Издательство Детство-пресс», 2017. — 208 с"
2017,Статья в сборнике,классов как инструмент уровневой оценки компетенций педагогов,,ФГАОУ ДПО АПК и ППРО,Профессиональное развитие педагогов,с. 288–293,,,http://www.apkpro.ru/doc/SBORNIK%20NSUR.pdf,"классов как инструмент уровневой оценки компетенций педагогов. // Материалы Всероссийской конференции по анализу хода внедрения национальной системы учительского роста (21 сентября 2017 года). – М.: ФГАОУ ДПО АПК и ППРО, 2017. – 335 с. С. 288—293"
2017,Статья в журнале,рофессиональная онлайн-олимпиада «Метапредметные результаты на уровне начального общего образования»,Бутримова И.В.,,Начальное образование,с. 44–52,,,,"Бутримова И., Тимофеева Л. Профессиональная онлайн-олимпиада «Метапредметные результаты на уровне начального общего образования» // Управление начальной школой. 2017. № 4. С. 44—52"
2016,Статья в журнале,Актуальные проблемы формирования культуры безопасности у дошкольников,,,Культура безопасности; Дошкольное образование,с. 178–181,,,,"Тимофеева Л.Л. Актуальные проблемы формирования культуры безопасности у дошкольников // Дошкольное и начальное общее образование Орловской области. Педагогические новации. Специальный выпуск: Федеральный государственный образовательный стандарт дошкольного образования: региональный опыт реализации. Орел, 2016. С. 178—181"
2016,Книга,"Биология. Природа живая и неживая в задачах, проблемных вопросах и интересных фактах. Орел, ФГБОУ ВО «ОГУ им. И.С. Тургенева». – 2016. – 191 с",Демьянков Е.Н.,,,,,,,"Демьянков Е.Н., Тимофеева Л.Л. Биология. Природа живая и неживая в задачах, проблемных вопросах и интересных фактах. Орел, ФГБОУ ВО «ОГУ им. И.С. Тургенева». – 2016. – 191 с"
2016,Статья в журнале,Инновационный проект «Формирование культуры безопасности дошкольников»,,,Культура безопасности; Проектная и исследовательская деятельность,с. 66–73,,,,Тимофеева Л. Л. Инновационный проект «Формирование культуры безопасности дошкольников» // Образовательная панорама. 2016. № 2 (6). С. 66—73
2016,Статья в сборнике,Использование научных методов познания при организации исследовательской деятельности учащихся,,Институт развития образования (Владимир),Проектная и исследовательская деятельность,с. 163–170,,,,"Тимофеева Л.Л. Использование научных методов познания при организации исследовательской деятельности учащихся // ФГОС: эффективные технологии и практики обучения. Сб. статей в 2 ч. Воронеж: ВИРО, 2016. – Ч. 1. С. 163—170"
2016,Статья в сборнике,Ключевые проблемы формирования культуры безопасности у дошкольников,,Педагогическое общество России,Культура безопасности; Дошкольное образование,с. 230–234,,,,"Тимофеева Л.Л. Ключевые проблемы формирования культуры безопасности у дошкольников // Дошкольное образование: проблемы, перспективы, возможности. Материалы IV Всероссийской НПК, 6—7 апреля 2016 г. М.: Педагогическое общество России, 2016. С. 230—234"
2016,Статья в сборнике,Конструирование урока на основе деятельностного подхода,Бутримова И.В.,Институт развития образования (Владимир),Начальное образование,с. 159–163,,,,"Тимофеева Л.Л., Бутримова И.В. Конструирование урока на основе деятельностного подхода // ФГОС: эффективные технологии и практики обучения. Сб. статей в 2 ч. Воронеж: ВИРО, 2016. – Ч. 1. С. 159—163"
2016,Книга,Методические материалы к программе профессиональной переподготовки «Дошкольное образование»,Бережнова О.В.; Капунова Т.М.; Бойко В.В.; Коркина О.С.; Попова И.Е.,Институт развития образования (Краснодар),Планирование образовательной деятельности; Профессиональное развитие педагогов,,,,,"Методические материалы к программе профессиональной переподготовки «Дошкольное образование». Составители: Бережнова О.В., Тимофеева Л.Л., Капунова Т.М., Бойко В.В., Коркина О.С., Попова И.Е. / Под общ. Ред. О.В. Бережновой, Л.Л. Тимофеевой – Орел: ИРО, 2016. – 150 с"
2016,Статья в сборнике,Обеспечение преемственности дошкольного и начального общего образования в условиях реализации ФГОС,Майер А.А.,Педагогическое общество России,Планирование образовательной деятельности; Дошкольное образование,с. 225–230,,,,"Тимофеева Л.Л., Майер А.А. Обеспечение преемственности дошкольного и начального общего образования в условиях реализации ФГОС // Дошкольное образование: проблемы, перспективы, возможности. Материалы IV Всероссийской НПК, 6—7 апреля 2016 г. М.: Педагогическое общество России, 2016. С. 225—230"
2016,Статья в журнале,Ознакомление учащихся с научными методами познания при изучении учебного предмета «Окружающий мир»,,Орловский государственный университет,Естественно-научная грамотность,с. 374–379,,,,"Тимофеева Л.Л. Ознакомление учащихся с научными методами познания при изучении учебного предмета «Окружающий мир» // Актуальные проблемы естественнонаучного образования, защиты окружающей среды и здоровья человека (Настоящее и будущее подготовки учащихся и студентов университетов в области естественных наук). – Орел: ФГБОУ ВО «Орловский государственный университет имени И.С. Тургенева», 2016. С. 374—379"
2016,Статья в журнале,Основные аспекты формирования культуры безопасности у дошкольников в летний период,,,Культура безопасности; Дошкольное образование,с. 26–36,,,,Тимофеева Л.Л. Основные аспекты формирования культуры безопасности у дошкольников в летний период // Детский сад: теория и практика. 2016. № 5. С. 26—36
2016,Статья в журнале,Принципы позитивной социализации в основе формирования культуры безопасности у дошкольников,,,Культура безопасности; Дошкольное образование,с. 86–102,,,,Тимофеева Л.Л. Принципы позитивной социализации в основе формирования культуры безопасности у дошкольников // Детский сад: теория и практика. 2016. № 3. С. 86—102
2016,Статья в сборнике,Проблема преемственности дошкольного и начального общего образования: ключевые противоречия,,,Планирование образовательной деятельности; Дошкольное образование,с. 106–110,,,http://xn--h1albh.xn--p1ai/page/nauchno-issledovatelskaya-deyatelnost/konf2016,"Тимофеева Л. Л. Проблема преемственности дошкольного и начального общего образования: ключевые противоречия // Образовательная вертикаль внедрения системно-деятельностного подхода с позиций непрерывности образования «ДО-НОО-ОО»: материалы региональной научно-практической конференции / под общ. ред. Л. Н. Жиронкиной. — Орёл : Бюджетное учреждение Орловской области дополнительногопрофессионального образования «Институт развития образования», 2016. С. 106—110. [Электронный ресурс] Режим доступа:"
2016,Статья в сборнике,Технология конструирования урока на основе личностно-ориентированной образовательной ситуации,Бутримова И.В.,,Начальное образование,с. 102–106,,,http://xn--h1albh.xn--p1ai/page/nauchno-issledovatelskaya-deyatelnost/konf2016,"Тимофеева Л. Л., Бутримова И. В. Технология конструирования урока на основе личностно-ориентированной образовательной ситуации // Образовательная вертикаль внедрения системно-деятельностного подхода с позиций непрерывности образования «ДО-НОО-ОО»: материалы региональной научно-практической конференции / под общ. ред. Л. Н. Жиронкиной. — Орёл : Бюджетное учреждение Орловской области дополнительногопрофессионального образования «Институт развития образования», 2016. С. 102—106. [Электронный ресурс] Режим доступа:"
2016,Книга,Урок в начальной школе как пространство реализации ФГОС,Бутримова И.В.,Педагогическое общество России,Планирование образовательной деятельности; Начальное образование,,,,,"Тимофеева Л.Л., Бутримова И.В. Урок в начальной школе как пространство реализации ФГОС. М.: Педагогическое общество России, 2016. – 256 с"
2016,Книга,Формирование культуры безопасности. Дидактические материалы. Вторая младшая группа,,Детство-Пресс,Культура безопасности,,,,,"Тимофеева Л.Л. Формирование культуры безопасности. Дидактические материалы. Вторая младшая группа. СПб.: ООО «Издательство Детство-пресс», 2016"
2016,Книга,Формирование культуры безопасности. Дидактические материалы. Средняя группа,,Детство-Пресс,Культура безопасности,,,,,"Тимофеева Л.Л. Формирование культуры безопасности. Дидактические материалы. Средняя группа. СПб.: ООО «Издательство Детство-пресс», 2016"
2016,Программа / планирование,Формирование культуры безопасности. Планирование образовательной деятельности в средней группе,,Детство-Пресс,Культура безопасности; Планирование образовательной деятельности,,,,,"Тимофеева Л.Л. Формирование культуры безопасности. Планирование образовательной деятельности в средней группе. СПб.: ООО «Издательство Детство-пресс», 2016"
2016,Методическое пособие,Формирование культуры безопасности. Планирование образовательной деятельности во второй младшей группе,,Детство-Пресс,Культура безопасности; Планирование образовательной деятельности,,,,,"Тимофеева Л.Л. Формирование культуры безопасности. Планирование образовательной деятельности во второй младшей группе: методическое пособие. СПб.: ООО «Издательство Детство-пресс», 2016. — 192 с"
2016,Статья в сборнике,Формирования культуры безопасности дошкольников: региональный опыт,,Педагогическое общество России,Культура безопасности; Дошкольное образование,,,,,"Тимофеева Л.Л. Формирования культуры безопасности дошкольников: региональный опыт // Реализация ФГОС дошкольного образования: вчера, сегодня, завтра. Материалы V Всероссийской (с международным участием) НПК, 2 сентября 2016 г. М.: Педагогическое общество России, 2016. – 224 с"
2015,Статья в сборнике,Актуальные проблемы построения продуктивного взаимодействия ДОО с семьями воспитанников,Майер А.А.,РИО СургПУ,Дошкольное образование,с. 64–66,,,,"Тимофеева Л.Л., Майер А.А. Актуальные проблемы построения продуктивного взаимодействия ДОО с семьями воспитанников // Дошкольное и начальное образование: проблемы, перспективы, инновации развития материалы всероссийской научно-практической конференции (с международным участием) 1 апреля 2015 г. Сургут: РИО СургПУ, 2015. С. 64—66"
2015,Статья в сборнике,Инновационные подходы к проектированию образовательного процесса в дошкольной организации,Бережнова О.В.,Институт развития образования (Владимир),Проектная и исследовательская деятельность; Дошкольное образование,с. 19–26,,,,"Бережнова О.В., Тимофеева Л.Л. Инновационные подходы к проектированию образовательного процесса в дошкольной организации // Инновации в дошкольном образовании: проблемы и перспективы. Сб. материалов МНП форума. г. Владимир, 31.03.2015 / Науч. ред.: Л.Н. Прохорова, Л.Ю. Сиднева. Владимир: ГАОУ ДПО ВО ВИРО, 2015. С. 19—26"
2015,Статья в сборнике,Инновационный проект «Формирование культуры безопасности у дошкольников»,Грачева Н.И.; Морозова Н.Н.,Институт развития образования (Владимир),Культура безопасности; Проектная и исследовательская деятельность,с. 121–127,,,,"Тимофеева Л.Л., Грачева Н.И., Морозова Н.Н. Инновационный проект «Формирование культуры безопасности у дошкольников» // Инновации в дошкольном образовании: проблемы и перспективы. Сб. материалов МНП форума. г. Владимир, 31.03.2015 / Науч. ред.: Л.Н. Прохорова, Л.Ю. Сиднева. Владимир: ГАОУ ДПО ВО ВИРО, 2015. С. 121—127"
2015,Статья в журнале,"Майер, А.А., Тимофеева, Л.Л. Условия и основания преемственности дошкольного и начального общего образования в контексте стандартизации",,,Планирование образовательной деятельности; Дошкольное образование,с. 48–59,,,,"Майер, А.А., Тимофеева, Л.Л. Условия и основания преемственности дошкольного и начального общего образования в контексте стандартизации // Управление дошкольным образовательным учреждением: научно-практический журнал. 2015. № 4. С. 48—59"
2015,Статья в журнале,Методологические основы формирования культуры безопасности у детей дошкольного возраста,,,Культура безопасности; Дошкольное образование,с. 36–43,,,http://beliro.ru/wp-content/uploads/2014/07/vestnik-beliro-2015.pdf,Тимофеева Л.Л. Методологические основы формирования культуры безопасности у детей дошкольного возраста // Вестник БелИРО. 2015. № 2. С. 36—43
2015,Статья в журнале,Обеспечение преемственности дошкольного и начального школьного образования,,,Планирование образовательной деятельности; Дошкольное образование,с. 8–12,,,,Тимофеева Л.Л. Обеспечение преемственности дошкольного и начального школьного образования // Дошкольная педагогика. 2015. № 4 (109). С. 8— 12
2015,Статья в журнале,Организация и содержание наблюдений в ДОО,,,Дошкольное образование,с. 10–23,,,,Тимофеева Л.Л. Организация и содержание наблюдений в ДОО // Справочник старшего воспитателя дошкольного учреждения. 2015. № 6. С. 10—23
2015,Статья в журнале,Особенности организации детских видов деятельности в первой младшей группе,Бережнова О.В.,Центр педагогического образования,Планирование образовательной деятельности; Дошкольное образование,с. 3–9,,,,"Тимофеева Л.Л., Бережнова О.В. Особенности организации детских видов деятельности в первой младшей группе // Планирование образовательной деятельности в ДОО. Первая младшая группа. / Под общ. ред. Л.Л. Тимофеевой. М.: Центр педагогического образования, 2015. С. 3—9"
2015,Статья в журнале,Оценка качества профессиональной деятельности педагога дошкольной образовательной организации,Бережнова О.В.,,Профессиональное развитие педагогов; Дошкольное образование,с. 6–20,,,,"Бережнова О.В., Тимофеева Л.Л. Оценка качества профессиональной деятельности педагога дошкольной образовательной организации // Детский сад: теория и практика. 2015. № 8. С. 6—20"
2015,Статья в журнале,Парциальная программа «Формирование культуры безопасности у детей от 3 до 8 лет»,,,Культура безопасности; Планирование образовательной деятельности,с. 3–15,,,,Тимофеева Л.Л. Парциальная программа «Формирование культуры безопасности у детей от 3 до 8 лет» // Справочник старшего воспитателя дошкольного учреждения. 2015. № 7. С. 3—15
2015,Программа / планирование,Планирование образовательной деятельности в ДОО. Первая младшая группа,Корнеичева Е.Е.; Грачева Н.И.,Центр педагогического образования,Планирование образовательной деятельности; Дошкольное образование,,,,,"Тимофеева Л.Л., Корнеичева Е.Е., Грачева Н.И. Планирование образовательной деятельности в ДОО. Первая младшая группа. / Под общ. ред. Л.Л. Тимофеевой. М.: Центр педагогического образования, 2015. – 286 с"
2015,Статья в журнале,Проблема формирования субъектности в дошкольном образовании,,,Дошкольное образование,с. 16–24,,,,Тимофеева Л.Л. Проблема формирования субъектности в дошкольном образовании // Детский сад: теория и практика. 2015. № 1. С. 16—24
2015,Статья в журнале,Проектирование образовательной деятельности в дошкольной организации,Бережнова О.В.,,Проектная и исследовательская деятельность; Дошкольное образование,с. 4–19,,,,"Бережнова О.В., Тимофеева Л.Л. Проектирование образовательной деятельности в дошкольной организации // Справочник старшего воспитателя дошкольного учреждения. 2015. № 8. С. 4—19"
2015,Статья в журнале,Проектирование урока на основе личностно ориентированной образовательной ситуации,Бутримова И.В.,,Проектная и исследовательская деятельность; Начальное образование,с. 21–30,,,,"Тимофеева Л.Л., Бутримова И.В. Проектирование урока на основе личностно ориентированной образовательной ситуации // Управление начальной школой. 2015. № 11. С. 21—30"
2015,Статья в сборнике,Психологическая безопасность и психологическое здоровье дошкольников,,Горизонт,Культура безопасности; Дошкольное образование,с. 336–340,,,,"Тимофеева Л.Л. Психологическая безопасность и психологическое здоровье дошкольников // Образование XXI века: здоровьесберегающие стратегии, системы, технологии. Материалы Всероссийской (заочной) НПК. 18 февраля 2015 г. Орел: ООО «Горизонт», 2015. С. 336—340"
2015,Статья в журнале,Современные подходы к организации детского экспериментирования,,,,с. 36–62,,,,Тимофеева Л.Л. Современные подходы к организации детского экспериментирования // Детский сад: теория и практика. 2015. № 9. С. 36—62
2015,Книга,Современные формы организации детских видов деятельности,,Центр педагогического образования,,,,,,"Тимофеева Л.Л. Современные формы организации детских видов деятельности. М.: Центр педагогического образования, 2015. – 304 с"
2015,Статья в журнале,Современный урок литературного чтения,Бутримова И.В.,,Начальное образование,с. 40–49,,,,"Бутримова И.В., Тимофеева Л.Л. Современный урок литературного чтения // Управление начальной школой. 2015. № 9. С. 40—49"
2015,Рабочая тетрадь,Формирование культуры безопасности,,Детство-Пресс,Культура безопасности,,,,,"Тимофеева Л.Л. Формирование культуры безопасности. Рабочая тетрадь. Старшая группа. – СПб.: ООО «Издательство Детство-пресс», 2015. – 28 с"
2015,Программа / планирование,Формирование культуры безопасности у детей 3—8 лет. Парциальная программа,,Детство-Пресс,Культура безопасности; Планирование образовательной деятельности,,,,,"Тимофеева Л.Л. Формирование культуры безопасности у детей 3—8 лет. Парциальная программа. СПб.: ООО «Издательство «Детство-пресс», 2015. —160 с"
2015,Методическое пособие,Формирование культуры безопасности. Планирование образовательной деятельности в старшей группе,,Детство-Пресс,Культура безопасности; Планирование образовательной деятельности,,,,,"Тимофеева Л.Л. Формирование культуры безопасности. Планирование образовательной деятельности в старшей группе: методическое пособие. СПб.: ООО «Издательство Детство-пресс», 2015. —192"
2015,Статья в сборнике,Формирование предпосылок учебной деятельности дошкольников как условие обеспечения преемственности дошкольного и начального общего образования,,КРПКиПРО,Планирование образовательной деятельности; Дошкольное образование,с. 272–276,,,,"Тимофеева Л.Л. Формирование предпосылок учебной деятельности дошкольников как условие обеспечения преемственности дошкольного и начального общего образования // Модернизация дошкольного образования в условиях введения ФГОС: проблемы и перспективы. Материалы II ВНПК, г. Кемерово, 16—17 марта 2015. Часть 2. Кемерово: Издательство КРПКиПРО, 2015. С. 272—276"
2015,Статья в сборнике,Формирование предпосылок учебной деятельности у дошкольников в контексте проблем непрерывного образования,,,Дошкольное образование,с. 21–25,,,,"Тимофеева Л.Л. Формирование предпосылок учебной деятельности у дошкольников в контексте проблем непрерывного образования // Дошкольное образование Орловской области. Педагогические новации. Сборник научно-методических статей. Орел, 2015. С. 21—25"
2015,Статья в журнале,Формирование субъектности на этапе дошкольного образования,,,Дошкольное образование,с. 70–77,,,,Тимофеева Л.Л. Формирование субъектности на этапе дошкольного образования // Педагогика. 2015. № 7. С. 70—77
2015,Статья в журнале,и др. Мир открытий. Примерная основная образовательная программа дошкольного образования,Абдуллина Л.Э.; Бережнова О.В.,ИД «Цветной мир»,Планирование образовательной деятельности; Дошкольное образование,,,,,"Абдуллина Л.Э., Бережнова О.В., Тимофеева Л.Л. и др. Мир открытий. Примерная основная образовательная программа дошкольного образования. // Научн. рук. Л.Г. Петерсон / Под ред. Л.Г. Петерсон, И.А. Лыковой. М.: ИД «Цветной мир», 2015. – 336 с"
2014,Статья в журнале,Взаимодействие ДОО и семьи по реализации парциальной программы «Формирование культуры безопасности у дошкольников»,,,Культура безопасности; Планирование образовательной деятельности,с. 8–14,,,,Тимофеева Л.Л. Взаимодействие ДОО и семьи по реализации парциальной программы «Формирование культуры безопасности у дошкольников» // Дошкольная педагогика. 2014. № 7 (102). С. 8–14
2014,Статья в журнале,Взаимодействие семьи и школы в процессе формирования культуры безопасности у учащихся,Королева Н.И.,,Культура безопасности,с. 40–51,,,,"Тимофеева Л.Л., Королева Н.И. Взаимодействие семьи и школы в процессе формирования культуры безопасности у учащихся // Управление начальной школой. 2014. № 1. С. 40 – 51"
2014,Статья в журнале,Взаимосвязь проблем развития детства и перспектив развития дошкольного образования,Майер А.А.,,Дошкольное образование,с. 59–64,,,,"Майер А.А., Тимофеева Л.Л. Взаимосвязь проблем развития детства и перспектив развития дошкольного образования // Научный результат. 2014. № 1. С. 59—64"
2014,Статья в журнале,Выбор форм организации детских видов деятельности в старшей группе,,Центр педагогического образования,Планирование образовательной деятельности; Дошкольное образование,с. 3–15,,,,"Тимофеева Л.Л. Выбор форм организации детских видов деятельности в старшей группе. // Планирование образовательной деятельности в ДОО. Старшая группа / Под. ред. Л.Л. Тимофеевой. М.: Центр педагогического образования, 2014. С. 3—15"
2014,Статья в журнале,Дети и волшебный мир загадок,,Педагогическое общество России,Профессиональное развитие педагогов; Дошкольное образование,с. 51–109,,,,"Тимофеева Л.Л. Дети и волшебный мир загадок // Повышение профессиональной компетентности педагога дошкольного образования. Выпуск 6 / Под ред. Л.Л. Тимофеевой. М.: Педагогическое общество России, 2014. С. 51—109"
2014,Статья в журнале,Интерактивные праздники в детском саду,,,Дошкольное образование,с. 6–16,,,,Тимофеева Л.Л. Интерактивные праздники в детском саду // Детский сад: теория и практика. 2014. № 7. С. 6—16
2014,Статья в журнале,Использование технологии фасилитации для построения эффективного взаимодействия субъектов в ДОО,Майер А.А.,,Дошкольное образование,с. 25–34,,,,"Майер А.А., Тимофеева Л.Л. Использование технологии фасилитации для построения эффективного взаимодействия субъектов в ДОО // Справочник старшего воспитателя дошкольного учреждения. 2014. № 4. С. 25—34"
2014,Статья в журнале,Использование технологии фасилитации для построения эффективного взаимодействия субъектов в ДОО (практические материалы),Майер А.А.,,Дошкольное образование,с. 31–41,,,,"Майер А.А., Тимофеева Л.Л. Использование технологии фасилитации для построения эффективного взаимодействия субъектов в ДОО (практические материалы) // Справочник старшего воспитателя дошкольного учреждения. 2014. № 5. С. 31—41"
2014,Статья в журнале,Личностно-ориентированные образовательные ситуации как основа организации детских видов деятельности,,Центр педагогического образования,Планирование образовательной деятельности; Дошкольное образование,с. 3–10,,,,"Тимофеева Л.Л. Личностно-ориентированные образовательные ситуации как основа организации детских видов деятельности // Тимофеева Л.Л., Корнеичева Е.Е., Грачева Н.И. Планирование образовательной деятельности в ДОО. Средняя группа / Под. ред. Л.Л. Тимофеевой. М.: Центр педагогического образования, 2014. – С. 3—10"
2014,Статья в журнале,Обеспечение качества дошкольного образования в условиях введения ФГОС,,,Планирование образовательной деятельности; Дошкольное образование,с. 114–117,,,,Тимофеева Л.Л. Обеспечение качества дошкольного образования в условиях введения ФГОС: материалы конференции. // Управление ДОУ. 2014. № 2. С.114—117
2014,Статья в журнале,Организационно-методическая работа по формированию культуры безопасности,Корнеичева Е.Е.; Грачева Н.И.,,Культура безопасности,с. 74–85,,,,"Тимофеева Л.Л., Корнеичева Е.Е., Грачева Н.И. Организационно-методическая работа по формированию культуры безопасности. // Управление ДОУ. 2014. № 4. С. 74—85"
2014,Статья в журнале,Организация и содержание наблюдений в летний период,,,Профессиональное развитие педагогов; Дошкольное образование,с. 58–69,,,,Тимофеева Л.Л. Организация и содержание наблюдений в летний период. // Воспитатель ДОУ. 2014. № 6. С. 58—69
2014,Статья в журнале,Организация образовательной деятельности с детьми первой младшей группы,Бережнова Л.Л.,,Профессиональное развитие педагогов,с. 2–6,,,,"Тимофеева Л.Л., Бережнова Л.Л. Организация образовательной деятельности с детьми первой младшей группы // Детский сад. Все для воспитателя. 2014. № 1. С. 2–6"
2014,Книга,Оценка профессиональной деятельности педагога детского сада,Бережнова О.В.,ИД «Цветной мир»,Профессиональное развитие педагогов; Дошкольное образование,,,,,"Бережнова О.В., Тимофеева Л.Л. Оценка профессиональной деятельности педагога детского сада. М.: ИД «Цветной мир», 2014"
2014,Программа / планирование,Планирование образовательной деятельности в ДОО. Вторая младшая группа,Корнеичева Е.Е.; Грачева Н.И.,Центр педагогического образования,Планирование образовательной деятельности; Дошкольное образование,,,,,"Тимофеева Л.Л., Корнеичева Е.Е., Грачева Н.И. Планирование образовательной деятельности в ДОО. Вторая младшая группа / Под. ред. Л.Л. Тимофеевой. М.: Центр педагогического образования, 2014. – 320 с"
2014,Программа / планирование,Планирование образовательной деятельности в ДОО. Подготовительная к школе группа,Корнеичева Е.Е.; Грачева Н.И.,Центр педагогического образования,Планирование образовательной деятельности; Дошкольное образование,,,,,"Тимофеева Л.Л., Корнеичева Е.Е., Грачева Н.И. Планирование образовательной деятельности в ДОО. Подготовительная к школе группа / Под. ред. Л.Л. Тимофеевой. М.: Центр педагогического образования, 2014. – 350 с"
2014,Программа / планирование,Планирование образовательной деятельности в ДОО. Средняя группа,Корнеичева Е.Е.; Грачева Н.И.,Центр педагогического образования,Планирование образовательной деятельности; Дошкольное образование,,,,,"Тимофеева Л.Л., Корнеичева Е.Е., Грачева Н.И. Планирование образовательной деятельности в ДОО. Средняя группа / Под. ред. Л.Л. Тимофеевой. М.: Центр педагогического образования, 2014. – 320 с"
2014,Программа / планирование,Планирование образовательной деятельности в ДОО. Старшая группа,Корнеичева Е.Е.; Грачева Н.И.,Центр педагогического образования,Планирование образовательной деятельности; Дошкольное образование,,,,,"Тимофеева Л.Л., Корнеичева Е.Е., Грачева Н.И. Планирование образовательной деятельности в ДОО. Старшая группа / Под. ред. Л.Л. Тимофеевой. М.: Центр педагогического образования, 2014. – 320 с"
2014,Статья в журнале,Планирование образовательной деятельности в дошкольной организации в соответствии с ФГОС,,Центр педагогического образования,Планирование образовательной деятельности; Дошкольное образование,с. 3–15,,,,"Тимофеева Л.Л. Планирование образовательной деятельности в дошкольной организации в соответствии с ФГОС // Планирование образовательной деятельности в ДОО. Вторая младшая группа / Под. ред. Л.Л. Тимофеевой. М.: Центр педагогического образования, 2014. – С.3—15"
2014,Программа / планирование,Планирование образовательной деятельности и оздоровления в ДОО в летний период,Деркунская В.А.; Корнеичева Е.Е.; Грачева Н.Н.,Центр педагогического образования,Планирование образовательной деятельности; Дошкольное образование,,,,,"Тимофеева Л.Л., Деркунская В.А., Корнеичева Е.Е., Грачева Н.Н. Планирование образовательной деятельности и оздоровления в ДОО в летний период. / Под. ред. Л.Л. Тимофеевой. М.: Центр педагогического образования, 2014. – 224 с"
2014,Статья в журнале,Построение взаимодействия с семьями воспитанников в процессе реализации образовательной программы,Майер А.А.,Детство-Пресс,Планирование образовательной деятельности,,,,,"Майер А.А., Тимофеева Л.Л. Построение взаимодействия с семьями воспитанников в процессе реализации образовательной программы // Внедрение ФГОС ДО в практику работы дошкольных образовательных организаций. СПб.: Детство-пресс, 2014. С"
2014,Статья в сборнике,Проблема проектирования и реализации ФГОС дошкольного образования,Майер А.А.,ФГБНУ «ИСТО РАО»,Проектная и исследовательская деятельность; Планирование образовательной деятельности,с. 109–116,,,,"Майер А.А., Тимофеева Л.Л. Проблема проектирования и реализации ФГОС дошкольного образования // Основные тенденции развития образования: теория и практика: Сборник трудов ВНПК / Под ред. И.М. Осмоловской, Н.А. Шарай. Сост. Н.В. Мунина. М.: ФГБНУ «ИСТО РАО», 2014. С. 109—116"
2014,Статья в журнале,Проблема формирования предпосылок учебной деятельности у детей дошкольного возраста,,,Дошкольное образование,с. 20–29,,,,Тимофеева Л.Л. Проблема формирования предпосылок учебной деятельности у детей дошкольного возраста. // Детский сад: теория и практика. 2014. № 6. С. 20—29
2014,Статья в сборнике,Проблемы преемственности дошкольного и начального общего образования: формирование предпосылок учебной деятельности у дошкольников,,,Планирование образовательной деятельности; Дошкольное образование,с. 296–301,,,,Тимофеева Л.Л. Проблемы преемственности дошкольного и начального общего образования: формирование предпосылок учебной деятельности у дошкольников // Материалы III ВНПК «Деятельность образовательных организаций по реализации ФГОС дошкольного и начального общего образования» 27—28.11.2014 г. Орехово-Зуево. С. 296—301
2014,Статья в журнале,Проблемы стандартизации дошкольного образования,Майер А.А.,,Дошкольное образование,с. 18–27,,,,"Тимофеева Л.Л., Майер А.А. Проблемы стандартизации дошкольного образования. // Управление ДОУ. 2014. № 3. С.18—27"
2014,Статья в журнале,Работа с детьми в предшкольный период,,,Дошкольное образование,с. 6–44,,,,Тимофеева Л.Л. Работа с детьми в предшкольный период // Методист дошкольного образовательного учреждения. 2014. № 13. С. 6—44
2014,Статья в журнале,Реализация комплексно-тематического принципа построения образовательного процесса в соответствии с ФГОС ДО,,Детство-Пресс,Планирование образовательной деятельности,,,,,"Тимофеева Л.Л. Реализация комплексно-тематического принципа построения образовательного процесса в соответствии с ФГОС ДО // Внедрение ФГОС ДО в практику работы дошкольных образовательных организаций. СПб.: Детство-пресс, 2014. С"
2014,Статья в журнале,Реализация новых положений законодательства в образовании: построение партнерских отношений между семьями воспитанников и ДОО,Майер А.А.,,Дошкольное образование,с. 17–34,,,,"Майер А.А., Тимофеева Л.Л. Реализация новых положений законодательства в образовании: построение партнерских отношений между семьями воспитанников и ДОО // Справочник старшего воспитателя дошкольного учреждения. 2014. № 9. С. 17—34"
2014,Статья в журнале,Реорганизация системы дошкольного образования в соответствии с целевыми ориентирами,,Детство-Пресс,Дошкольное образование,,,,,"Тимофеева Л.Л. Реорганизация системы дошкольного образования в соответствии с целевыми ориентирами // Внедрение ФГОС ДО в практику работы дошкольных образовательных организаций. СПб.: Детство-пресс, 2014. С"
2014,Статья в журнале,Реорганизация системы дошкольного образования в соответствии с целевыми ориентирами,,,Дошкольное образование,с. 11–16,,,,Тимофеева Л.Л. Реорганизация системы дошкольного образования в соответствии с целевыми ориентирами // Дошкольная педагогика. 2014. № 9 (104). С. 11 – 16
2014,Статья в журнале,Создание вариативных форм организации дошкольного образования как одно из условий успешной реализации ФГОС,,Педагогическое общество России,Планирование образовательной деятельности; Дошкольное образование,с. 3–5,,,,"Тимофеева Л.Л. Создание вариативных форм организации дошкольного образования как одно из условий успешной реализации ФГОС // Повышение профессиональной компетентности педагога дошкольного образования. Выпуск 6 / Под ред. Л.Л. Тимофеевой. М.: Педагогическое общество России, 2014. С. 3—5"
2014,Статья в журнале,Технологии фасилитации взаимодействия семьи и детского сада,Майер А.А.,,Дошкольное образование,с. 22–40,,,,"Майер А.А., Тимофеева Л.Л. Технологии фасилитации взаимодействия семьи и детского сада // Детский сад: теория и практика. 2014. № 2. С. 22—40"
2014,Книга,Технология проектирования образовательного процесса в дошкольной организации,Бережнова О.В.,ИД «Цветной мир»,Проектная и исследовательская деятельность; Дошкольное образование,,,,,"Бережнова О.В., Тимофеева Л.Л. Технология проектирования образовательного процесса в дошкольной организации. М.: ИД «Цветной мир», 2014"
2014,Статья в журнале,Трудности разработки стандарта дошкольного образования,Майер А.А.,,Дошкольное образование,,10.12737/3792.,,,"Майер А.А. Трудности разработки стандарта дошкольного образования / А.А. Майер, Л.Л. Тимофеева // Стандарты и мониторинг в образовании. 2014. Т. 2. № 2. C. 20–27. DOI: 10.12737/3792"
2014,Рабочая тетрадь,Формирование культуры безопасности,,Детство-Пресс,Культура безопасности,,,,,"Тимофеева Л.Л. Формирование культуры безопасности. Рабочая тетрадь. Подготовительная к школе группа. – СПб.: ООО «Издательство Детство-пресс», 2014. – 32 с"
2014,Статья в журнале,Формирование культуры безопасности у дошкольников,,,Культура безопасности; Дошкольное образование,с. 18–25,,,,Тимофеева Л.Л. Формирование культуры безопасности у дошкольников // Дошкольное воспитание. 2014. № 1. С. 18—25
2014,Статья в сборнике,Формирование культуры безопасности у дошкольников как важный аспект социализации: взаимодействие ДОО и семьи,,,Культура безопасности; Дошкольное образование,с. 105–108,,,,"Тимофеева Л.Л. Формирование культуры безопасности у дошкольников как важный аспект социализации: взаимодействие ДОО и семьи. // Сборник Всероссийской конференции «Современные подходы к проблеме социализации и индивидуализации развития ребенка в условиях дошкольных образовательных учреждений. СПб., 2014. С. 105—108"
2014,Статья в журнале,Формирование культуры безопасности у старших дошкольников,,Детство-Пресс,Культура безопасности; Дошкольное образование,с. 6–20,,,,"Тимофеева Л.Л. Формирование культуры безопасности у старших дошкольников. // Планирование образовательной деятельности в подготовительной к школе группе: методическое пособие. / Под общ. ред. Л.Л. Тимофеевой). СПб.: ООО «Издательство Детство-пресс», 2014. С. 6—20"
2014,Книга,Формирование культуры безопасности. Взаимодействие семьи и ДОО,Королева Н.И.,Детство-Пресс,Культура безопасности; Дошкольное образование,,,,,"Тимофеева Л.Л., Королева Н.И. Формирование культуры безопасности. Взаимодействие семьи и ДОО. СПб.: Детство-пресс, 2014. – 176 с"
2014,Методическое пособие,Формирование культуры безопасности. Планирование образовательной деятельности в подготовительной к школе группе,,Детство-Пресс,Культура безопасности; Планирование образовательной деятельности,,,,,"Формирование культуры безопасности. Планирование образовательной деятельности в подготовительной к школе группе: методическое пособие. (Л.Л. Тимофеева, Е.Е. Корнеичева, Н.И. Грачева и др.; под общ. ред. Л.Л. Тимофеевой). СПб.: ООО «Издательство Детство-пресс», 2014. – 192 с"
2014,Статья в сборнике,Формирование предпосылок учебной деятельности у детей старшего дошкольного возраста,,,Дошкольное образование,с. 105–111,,,,"Тимофеева Л.Л. Формирование предпосылок учебной деятельности у детей старшего дошкольного возраста. // Психолого-педагогическое сопровождение введения и реализации ФГОС участниками образовательного процесса: сборник материалов региональной НПК «Актуальные проблемы регионального образования в условиях реализации ФГОС нового поколения», 29.04.2014. г. Орел. Орел: изд-во БОУ ОО ДПО (ПК) С «Орловский институт усовершенствования учителей». С. 105– 111 с"
2014,Статья в журнале,Формирование предпосылок учебной деятельности у старших дошкольников,,Центр педагогического образования,Дошкольное образование,с. 3–7,,,,"Тимофеева Л.Л. Формирование предпосылок учебной деятельности у старших дошкольников // Планирование образовательной деятельности в ДОО. Подготовительная к школе группа / Под. ред. Л.Л. Тимофеевой. М.: Центр педагогического образования, 2014. С. 3—7"
2013,Монография,«Болезни роста» современного дошкольного образования: кризис системы или системный кризис?,Майер А.А.,МПГУ,Дошкольное образование,,,,,"Тимофеева Л.Л., Майер А.А. «Болезни роста» современного дошкольного образования: кризис системы или системный кризис? // Управление качеством дошкольного образования: теория и практика / Под ред. Н.В. Микляевой. Коллективная монография. М.: МПГУ, 2013. – 264 с"
2013,Статья в журнале,Активные методы в работе по повышению профессиональной компетентности педагогов,,Педагогическое общество России,Профессиональное развитие педагогов,с. 3–12,,,,"Тимофеева Л.Л. Активные методы в работе по повышению профессиональной компетентности педагогов // Повышение профессиональной компетентности педагога ДОУ. Выпуск 2 / Под ред. Тимофеевой Л.Л. М.: Педагогическое общество России, 2013. С. 3–12"
2013,Статья в журнале,Варианты реализации комплексно-тематического принципа построения образовательного процесса,,,,с. 52–64,,,,Тимофеева Л.Л. Варианты реализации комплексно-тематического принципа построения образовательного процесса // Детский сад: теория и практика. – 2013. – № 1. – С. 52–64
2013,Статья в журнале,Взаимодействие педагогов с семьями воспитанников в процессе формирования культуры безопасности у дошкольников,Королева Н.И.,,Культура безопасности; Дошкольное образование,с. 78–94,,,,"Тимофеева Л.Л., Королева Н.И. Взаимодействие педагогов с семьями воспитанников в процессе формирования культуры безопасности у дошкольников // Детский сад: теория и практика. 2013. № 10. С. 78—94"
2013,Статья в журнале,Выбор форм и методов работы с детьми раннего возраста в период адаптации к детскому саду,Бережнова О.В.,,,с. 6–18,,,,"Тимофеева Л.Л., Бережнова О.В. Выбор форм и методов работы с детьми раннего возраста в период адаптации к детскому саду // Детский сад: теория и практика. – 2013. – № 7. – С. 6—18"
2013,Статья в журнале,Графический способ разгадывания загадок в основе детского творчества,,,,с. 35–41,,,,Тимофеева Л.Л. Графический способ разгадывания загадок в основе детского творчества // Цветной мир. 2013. № 4. С. 35—41
2013,Статья в журнале,Дошкольное образование в предшкольный период,,Педагогическое общество России,Дошкольное образование,с. 13–54,,,,"Тимофеева Л.Л. Дошкольное образование в предшкольный период. // Повышение профессиональной компетентности педагога ДОУ. Выпуск 2 / Под ред. Тимофеевой Л.Л. М.: Педагогическое общество России, 2013. С. 13–54"
2013,Статья в журнале,Дошкольное образование: кризис системы или системный кризис?,Майер А.А.,,Дошкольное образование,с. 8–13,,,,"Тимофеева Л.Л., Майер А.А. Дошкольное образование: кризис системы или системный кризис? // Современный детский сад. 2013. № 5. С. 8—13. file:///C:/Users/User/Downloads/2013_5.pdf"
2013,Статья в сборнике,Дошкольное образование: на пути к системе?,Майер А.А.,МаГУ,Дошкольное образование,с. 23–32,,,,"Майер А.А., Тимофеева Л.Л. Дошкольное образование: на пути к системе? // Мир детства и образования: сборник материалов VII Всероссийской научно-практической конференции с международным участием. Магнитогорск: МаГУ, 2013. С. 23—32"
2013,Статья в журнале,Есть ли в России дошкольное образование?,Майер А.А.,,Дошкольное образование,с. 74–81,,,,"Майер А.А., Тимофеева Л.Л. Есть ли в России дошкольное образование? // Начальная школа плюс До и После. 2013. № 8. С. 74—81"
2013,Статья в журнале,Инновационные структуры дошкольного образования,,,Дошкольное образование,с. 24–36,,,,Тимофеева Л.Л. Инновационные структуры дошкольного образования // Управление ДОУ. – 2013. – № 1. – С. 24–36
2013,Статья в журнале,Интегративный подход в процессе формирования культуры безопасности у дошкольников,,,Культура безопасности; Дошкольное образование,с. 6–12,,,,Тимофеева Л.Л. Интегративный подход в процессе формирования культуры безопасности у дошкольников // Дошкольная педагогика. 2013. № 10 (95). С. 6— 12
2013,Статья в журнале,Компетентностный подход в дошкольном образовании,,Педагогическое общество России,Профессиональное развитие педагогов; Дошкольное образование,с. 3–40,,,,"Тимофеева Л.Л. Компетентностный подход в дошкольном образовании // Повышение профессиональной компетентности педагога ДОУ. Выпуск 1 / Под ред. Тимофеевой Л.Л. М.: Педагогическое общество России, 2013. С. 3–40"
2013,Статья в сборнике,Компетентность педагога по проблеме формирования культуры безопасности у дошкольников,Корнеичева Е.Е.; Грачева Н.И.,,Культура безопасности; Профессиональное развитие педагогов,с. 300–306,,,,"Тимофеева Л.Л., Корнеичева Е.Е., Грачева Н.И. Компетентность педагога по проблеме формирования культуры безопасности у дошкольников // Проблема обеспечения качества дошкольного образования в условиях введения ФГОС. Материалы II Всероссийской НПК. 17-18.2013. Орел, 2013. С. 300—306"
2013,Статья в журнале,Направления модернизации методических службах в дошкольных образовательных организациях,,,Дошкольное образование,с. 6–14,,,,Тимофеева Л.Л. Направления модернизации методических службах в дошкольных образовательных организациях. // Детский сад: теория и практика. 2013. № 11. С. 6—14
2013,Статья в журнале,Непрерывное образование педагога ДОУ в современных условиях,,Педагогическое общество России,Профессиональное развитие педагогов; Дошкольное образование,с. 3–4,,,,"Тимофеева Л.Л. Непрерывное образование педагога ДОУ в современных условиях. // Повышение профессиональной компетентности педагога ДОУ. Выпуск 3 / Под ред. Тимофеевой Л.Л. М.: Педагогическое общество России, 2013. С. 3—4"
2013,Статья в журнале,Основная общеобразовательная программа дошкольной образовательной группы кратковременного пребывания «Школа будущего первоклассника»,Бережнова О.В.,,Планирование образовательной деятельности; Дошкольное образование,с. 37–50,,,,"Тимофеева Л.Л., Бережнова О.В. Основная общеобразовательная программа дошкольной образовательной группы кратковременного пребывания «Школа будущего первоклассника» // Управление начальной школой. – 2013. – № 2. – С. 37–50"
2013,Статья в журнале,Партнерство семьи и детского сада: новые горизонты,Майер А.А.,,Дошкольное образование,с. 34–44,,,,"Майер А.А., Тимофеева Л.Л. Партнерство семьи и детского сада: новые горизонты // Детский сад: теория и практика. 2013. № 10. С. 34–44"
2013,Статья в сборнике,Перспективы детства и проблемы дошкольного образования,Майер А.А.,,Дошкольное образование,с. 32–36,,,,"Майер А.А., Тимофеева Л.Л. Перспективы детства и проблемы дошкольного образования // Проблемы социализации растущего человека в современном мире. Материалы МНПК, посвященной 70-летию РАО и 125-летию А.С. Макаренко, г. Белгород, 25-26.09.2013. С. 32—36"
2013,Статья в журнале,Планирование образовательной деятельности в дошкольной организации,,,Планирование образовательной деятельности; Дошкольное образование,с. 26–31,,,,Тимофеева Л.Л. Планирование образовательной деятельности в дошкольной организации // Школа управления образовательным учреждением. 2013. № 9. С. 26—31
2013,Статья в сборнике,Планирование образовательной деятельности в дошкольном учреждении как этап технологической подготовки к реализации модели педагогического процесса,,,Планирование образовательной деятельности; Дошкольное образование,с. 281–289,,,,Тимофеева Л.Л. Планирование образовательной деятельности в дошкольном учреждении как этап технологической подготовки к реализации модели педагогического процесса // Проектирование образовательного процесса в современном дошкольном учреждении. Материалы Всероссийской НПК. Тверь 7-8.02.2013. С. 281-289
2013,Статья в журнале,Планирование образовательной деятельности в разновозрастной группе,,,Планирование образовательной деятельности,с. 115–122,,,,Тимофеева Л.Л. Планирование образовательной деятельности в разновозрастной группе // Воспитатель ДОУ. 2013. № 9. С. 115—122
2013,Программа / планирование,Планирование образовательной деятельности с детьми в режиме дня. Старшая группа,Корнеичева Е.Е.; Грачева Н.И.,Центр педагогического образования,Планирование образовательной деятельности,,,,,"Планирование образовательной деятельности с детьми в режиме дня. Старшая группа. Авторы-составители Тимофеева Л.Л., Корнеичева Е.Е., Грачева Н.И. / Под ред. Л.Л. Тимофеевой. – М.: Центр педагогического образования, 2013. – 496 с"
2013,Статья в журнале,Планирование образовательной деятельности с детьми с учетом особенностей разновозрастной группы,,Центр педагогического образования,Планирование образовательной деятельности,с. 3–10,,,,"Тимофеева Л.Л. Планирование образовательной деятельности с детьми с учетом особенностей разновозрастной группы // Тимофеева Л.Л., Корнеичева Е.Е., Грачева Н.И. Планирование образовательной деятельности с дошкольниками в режиме дня. Разновозрастная группа. М.: Центр педагогического образования, 2013. С. 3—10"
2013,Программа / планирование,Планирование образовательной деятельности с дошкольниками в режиме дня. Разновозрастная группа,Корнеичева Е.Е.; Грачева Н.И.,Центр педагогического образования,Планирование образовательной деятельности; Дошкольное образование,,,,,"Тимофеева Л.Л., Корнеичева Е.Е., Грачева Н.И. Планирование образовательной деятельности с дошкольниками в режиме дня. Разновозрастная группа. М.: Центр педагогического образования, 2013. – 288 с"
2013,Статья в журнале,Повышение компетентности учителей по проблеме формирования культуры безопасности у учеников,Королева Н.И.,,Культура безопасности; Профессиональное развитие педагогов,с. 26–35,,,,"Тимофеева Л.Л., Королева Н.И. Повышение компетентности учителей по проблеме формирования культуры безопасности у учеников // Управление начальной школой. 2013. № 10. С. 26 – 35"
2013,Статья в журнале,Построение партнерских отношений между школой и семьями учащихся на основе технологий фасилитации,Майер А.А.,,Начальное образование,с. 46–61,,,,"Майер А.А., Тимофеева Л.Л. Построение партнерских отношений между школой и семьями учащихся на основе технологий фасилитации // Управление начальной школой. 2013. № 11. С. 46 – 61"
2013,Статья в сборнике,Потенциал технологий фасилитации в построении партнерства нового уровня дошкольной образовательной организации и семьи,Майер А.А.,,Дошкольное образование,с. 186–191,,,,"Майер А.А., Тимофеева Л.Л. Потенциал технологий фасилитации в построении партнерства нового уровня дошкольной образовательной организации и семьи. // Проблема обеспечения качества дошкольного образования в условиях введения ФГОС. Материалы II Всероссийской НПК. 17-18.2013. Орел, 2013. С. 186—191"
2013,Статья в журнале,Проблема адаптации к ДОУ детей раннего возраста,Бережнова Л.Л.,,Дошкольное образование,с. 6–11,,,,"Тимофеева Л.Л., Бережнова Л.Л. Проблема адаптации к ДОУ детей раннего возраста // Дошкольная педагогика. 2013. № 7 (92). С. 6—11"
2013,Статья в сборнике,Проблема обеспечения психологической безопасности дошкольников,Королева Н.И.,,Культура безопасности; Дошкольное образование,с. 102–105,,,,"Тимофеева Л.Л., Королева Н.И. Проблема обеспечения психологической безопасности дошкольников // Проблемы социализации растущего человека в современном мире. Материалы МНПК, посвященной 70-летию РАО и 125-летию А.С. Макаренко, г. Белгород, 25-26.09.2013. С. 102—105"
2013,Статья в журнале,Проблема подготовки педагога к работе в условиях вариативного дошкольного образования,,,Профессиональное развитие педагогов; Дошкольное образование,с. 56–59,,,,Тимофеева Л.Л. Проблема подготовки педагога к работе в условиях вариативного дошкольного образования // Дошкольная педагогика. 2013. № 3. С. 56–59
2013,Статья в журнале,Проблема преемственности ДОУ и школы в свете новых задач современного образования,,,Планирование образовательной деятельности; Дошкольное образование,с. 38–42,,,,Тимофеева Л.Л. Проблема преемственности ДОУ и школы в свете новых задач современного образования // Дошкольное образование Орловской области. Педагогические новации. Выпуск 6. – Орел. 2013. С. 38–42
2013,Статья в журнале,Проблема проектирования образовательного процесса в детском саду,Бережнова О.В.,,Проектная и исследовательская деятельность; Дошкольное образование,с. 12–17,,,,"Бережнова О.В., Тимофеева Л.Л. Проблема проектирования образовательного процесса в детском саду // Дошкольное образование Орловской области. Педагогические новации. Выпуск 6. – Орел. 2013. С. 12–17"
2013,Статья в журнале,Проблема формирования культуры безопасности и культуры здоровья у дошкольников,Деркунская В.А.,Педагогическое общество России,Культура безопасности; Дошкольное образование,с. 3–8,,,,"Тимофеева Л.Л., Деркунская В.А. Проблема формирования культуры безопасности и культуры здоровья у дошкольников // Повышение профессиональной компетентности педагога дошкольного образования. Выпуск 4 / Под ред. Тимофеевой Л.Л. М.: Педагогическое общество России, 2013. С. 3—8"
2013,Статья в журнале,Проблема формирования культуры безопасности у дошкольников. Семинар-практикум,Королева Н.И.,Педагогическое общество России,Культура безопасности; Дошкольное образование,с. 9–65,,,,"Тимофеева Л.Л., Королева Н.И. Проблема формирования культуры безопасности у дошкольников. Семинар-практикум // Повышение профессиональной компетентности педагога дошкольного образования. Выпуск 4 / Под ред. Тимофеевой Л.Л. М.: Педагогическое общество России, 2013. С. 9—65"
2013,Статья в журнале,Проблемный подход в основе построения занятий со старшими дошкольниками,,,Дошкольное образование,с. 12–17,,,,Тимофеева Л.Л. Проблемный подход в основе построения занятий со старшими дошкольниками // Дошкольная педагогика. 2013. № 9 (94). С. 12—17
2013,Статья в журнале,Проблемы и перспективы детства в современной России,Майер А.А.,Педагогическое общество России,Профессиональное развитие педагогов; Дошкольное образование,с. 3–6,,,,"Тимофеева Л.Л., Майер А.А. Проблемы и перспективы детства в современной России // Повышение профессиональной компетентности педагога дошкольного образования. Выпуск 5 / Под ред. Л.Л. Тимофеевой. М.: Педагогическое общество России, 2013. С. 3—6"
2013,Статья в журнале,Проектирование образовательного процесса в ДОУ с учетом современных требований,Бережнова О.В.,,Проектная и исследовательская деятельность; Дошкольное образование,с. 3–7,,,,"Бережнова О.В., Тимофеева Л.Л. Проектирование образовательного процесса в ДОУ с учетом современных требований // Цветной мир. 2013. № 2. С. 3–7"
2013,Статья в сборнике,Проектирование образовательного процесса в дошкольном учреждении в соответствии с ФГТ,Бережнова О.В.,МаГУ,Проектная и исследовательская деятельность; Планирование образовательной деятельности,с. 172–177,,,,"Тимофеева Л.Л., Бережнова О.В. Проектирование образовательного процесса в дошкольном учреждении в соответствии с ФГТ // Мир детства и образования: сборник материалов VII Всероссийской научно-практической конференции с международным участием. Магнитогорск: МаГУ, 2013. С. 172—177"
2013,Книга,Проектирование образовательной деятельности в детском саду. Современные подходы,Бережнова О.В.,ИД «Цветной мир»,Проектная и исследовательская деятельность; Дошкольное образование,,,,,"Бережнова О.В., Тимофеева Л.Л. Проектирование образовательной деятельности в детском саду. Современные подходы. М.: ИД «Цветной мир», 2013"
2013,Статья в журнале,Проектирование образовательной деятельности в дошкольном учреждении,Бережнова О.В.,Педагогическое общество России,Проектная и исследовательская деятельность; Дошкольное образование,с. 41–93,,,,"Бережнова О.В., Тимофеева Л.Л. Проектирование образовательной деятельности в дошкольном учреждении // Повышение профессиональной компетентности педагога ДОУ. Выпуск 1 / Под ред. Тимофеевой Л.Л. М.: Педагогическое общество России, 2013. С. 41–93"
2013,Статья в журнале,Работа секции по бадминтону в адаптационный период,,,Начальное образование,с. 21–34,,,,Тимофеева Л.Л. Работа секции по бадминтону в адаптационный период // Управление начальной школой. 2013. № 7. С. 21—34
2013,Статья в журнале,Реализация ФГОС: построение партнерских взаимоотношений между семьей и дошкольной образовательной организацией,Майер А.А.,Педагогическое общество России,Планирование образовательной деятельности; Дошкольное образование,с. 54–104,,,,"Майер А.А., Тимофеева Л.Л. Реализация ФГОС: построение партнерских взаимоотношений между семьей и дошкольной образовательной организацией // Повышение профессиональной компетентности педагога дошкольного образования. Выпуск 5./ Под ред. Л.Л. Тимофеевой. М.: Педагогическое общество России, 2013. С. 54—104"
2013,Статья в журнале,Реализация комплексно-тематического принципа построения образовательного процесса,,,Дошкольное образование,с. 7–13,,,,Тимофеева Л.Л. Реализация комплексно-тематического принципа построения образовательного процесса // Дошкольная педагогика. 2013. № 8 (93). С. 7—13
2013,Статья в журнале,Роль семьи в сохранении психического здоровья детей: проблема обеспечения психологической безопасности,Королева Н.И.,,Культура безопасности,с. 16–26,,,,"Тимофеева Л.Л., Королева Н.И. Роль семьи в сохранении психического здоровья детей: проблема обеспечения психологической безопасности. // Детский сад: теория и практика. 2013. № 5. С. 16–26"
2013,Статья в журнале,Слагаемые кризиса дошкольного образования,Майер А.А.,,Дошкольное образование,с. 48–61,,,,"Майер А.А., Тимофеева Л.Л. Слагаемые кризиса дошкольного образования // Управление ДОУ. 2013. № 7. С. 48–61"
2013,Статья в журнале,Современное дошкольное образование: основные понятия,Бережнова О.В.,Центр педагогического образования,Дошкольное образование,с. 3–16,,,,"Тимофеева Л.Л., Бережнова О.В. Современное дошкольное образование: основные понятия // Планирование образовательной деятельности с детьми в режиме дня. Старшая группа. Авторы-составители Тимофеева Л.Л., Корнеичева Е.Е., Грачева Н.И. / Под ред. Л.Л. Тимофеевой. – М.: Центр педагогического образования, 2013. С. 3—16"
2013,Статья в журнале,Современные подходы к планированию образовательной деятельности дошкольного образовательного учреждения в соответствии с ФГТ,,,Планирование образовательной деятельности; Дошкольное образование,с. 2–10,,,,Тимофеева Л.Л. Современные подходы к планированию образовательной деятельности дошкольного образовательного учреждения в соответствии с ФГТ // Детский сад. Все для воспитателя. 2013. № 4. С. 2–10
2013,Статья в сборнике,Современные подходы к проектированию образовательной деятельности в дошкольном учреждении,Бережнова О.В.,,Проектная и исследовательская деятельность; Дошкольное образование,с. 274–281,,,,"Тимофеева Л.Л., Бережнова О.В. Современные подходы к проектированию образовательной деятельности в дошкольном учреждении // Проектирование образовательного процесса в современном дошкольном учреждении. Материалы Всероссийской НПК. Тверь 7-8.02.2013. С. 274-281"
2013,Статья в журнале,Современные технологии построения взаимодействия субъектов образовательного процесса в дошкольной образовательной организации,Майер А.А.,,Дошкольное образование,с. 67–80,,,,"Майер А.А., Тимофеева Л.Л. Современные технологии построения взаимодействия субъектов образовательного процесса в дошкольной образовательной организации // Современное состояние и тенденции в дошкольном и коррекционном образовании. / Под ред. А.В. Ящук, О.И. Киселевой. Томск, Изд-во Том. гос. пед. ун-та, 2013. С. 67—80"
2013,Статья в журнале,Современные требования к организации работы «Школы будущего первоклассника»,Бережнова О.В.,,Начальное образование,с. 26–35,,,,"Тимофеева Л.Л., Бережнова О.В. Современные требования к организации работы «Школы будущего первоклассника» // Управление начальной школой. – 2013 – № 1. – С. 26 – 35"
2013,Статья в журнале,Современный образовательный процесс в ДОУ: тезаурус педагога,Бережнова О.В.,,Профессиональное развитие педагогов; Дошкольное образование,с. 70–82,,,,"Тимофеева Л.Л., Бережнова О.В. Современный образовательный процесс в ДОУ: тезаурус педагога // Управление ДОУ. 2013. № 3. С. 70–82"
2013,Статья в сборнике,Территория детства: проблемы и перспективы,Майер А.А.,,Планирование образовательной деятельности; Дошкольное образование,с. 306–312,,,,"Тимофеева Л.Л., Майер А.А. Территория детства: проблемы и перспективы // Проблема обеспечения качества дошкольного образования в условиях введения ФГОС. Материалы II Всероссийской НПК. 17-18.2013. Орел, 2013. С. 306—312"
2013,Статья в журнале,Трудности стандартизации дошкольного образования,Майер А.А.,,Дошкольное образование,с. 12–16,,,,"Майер А.А., Тимофеева Л.Л. Трудности стандартизации дошкольного образования // Дошкольная педагогика. 2013. № 10 (95). С. 12— 16"
2013,Статья в журнале,Учет особенностей темперамента дошкольников в образовательном процессе ДОУ,Капунова Т.М.; Быковская Ю.А.,Педагогическое общество России,Дошкольное образование,с. 51–94,,,,"Капунова Т.М., Тимофеева Л.Л., Быковская Ю.А. Учет особенностей темперамента дошкольников в образовательном процессе ДОУ. // Повышение профессиональной компетентности педагога дошкольного образования. Выпуск 3 / Под ред. Тимофеевой Л.Л. М.: Педагогическое общество России, 2013. С. 51—94"
2013,Статья в журнале,Формы организации образования старших дошкольников в летний период,,,Дошкольное образование,с. 2–8,,,,Тимофеева Л.Л. Формы организации образования старших дошкольников в летний период. // Детский сад. Все для воспитателя. 2013. № 6. С. 2–8
2012,Статья в журнале,"«Школа будущего первоклассника»: задачи, проблемы, направления реформирования",Бережнова О.В.,,Начальное образование,с. 54–62,,,,"Бережнова О.В., Тимофеева Л.Л. «Школа будущего первоклассника»: задачи, проблемы, направления реформирования // Начальная школа плюс До и После. – 2012. - № 9, с. 54 – 62"
2012,Методическое пособие,Аттестация педагогов системы дошкольного образования: первая и высшая квалификационные категории,Бережнова О.В.; Капунова Т.М.,Педагогическое общество России,Профессиональное развитие педагогов; Дошкольное образование,,,,,"Аттестация педагогов системы дошкольного образования: первая и высшая квалификационные категории. Методические рекомендации. Авторы-составители Тимофеева Л.Л., Бережнова О.В., Капунова Т.М. и др. – М.: Педагогическое общество России, 2012. – 112 с"
2012,Книга,Вариативные модели организации дошкольного образования,Бережнова О.В.,Педагогическое общество России,Дошкольное образование,,,,,"Тимофеева Л.Л., Бережнова О.В. Вариативные модели организации дошкольного образования. – М.: Педагогическое общество России, 2012"
2012,Статья в журнале,Говорят наши дети,Бережнова О.В.,,Профессиональное развитие педагогов; Дошкольное образование,,,,,"Тимофеева Л.Л., Бережнова О.В. Говорят наши дети // Воспитатель ДОУ. – 2012. – № 12. – С. 111"
2012,Статья в журнале,Дошкольные образовательные группы кратковременного пребывания и полного дня на базе детских оздоровительных лагерей,,,Дошкольное образование,с. 11–22,,,,Тимофеева Л.Л. Дошкольные образовательные группы кратковременного пребывания и полного дня на базе детских оздоровительных лагерей // Нормативные документы образовательного учреждения. – 2012. – № 2. – С. 11 – 22
2012,Статья в журнале,Занятия секции по спортивному бадминтону,,,,с. 115–125,,,,Тимофеева Л.Л. Занятия секции по спортивному бадминтону // Инструктор по физкультуре. – 2012. – № 3. – С. 115 – 125
2012,Статья в журнале,Интеграция образовательных областей в процессе формирования культуры безопасности у дошкольников,,,Культура безопасности; Дошкольное образование,с. 82–91,,,,Тимофеева Л.Л. Интеграция образовательных областей в процессе формирования культуры безопасности у дошкольников // Детский сад: теория и практика. – 2012. – № 5. С. 82 – 91
2012,Книга,Интерактивная сказка по мотивам русской народной сказки «Гуси-лебеди»: развивающая кн. для детей ст. дошк. и мл. шк. возраста,,Белый Ветер,,,,,,"Тимофеева Л.Л. Интерактивная сказка по мотивам русской народной сказки «Гуси-лебеди»: развивающая кн. для детей ст. дошк. и мл. шк. возраста. – Мозырь: Белый Ветер, 2012"
2012,Статья в журнале,Метод анализа ситуаций в социально-нравственном воспитании детей,,,Духовно-нравственное воспитание,с. 108–116,,,,Тимофеева Л.Л. Метод анализа ситуаций в социально-нравственном воспитании детей. // Воспитатель ДОУ. – 2012. – № 7. – С. 108 – 116
2012,Статья в журнале,Организация процесса образования дошкольников: основные понятия,Бережнова О.В.,,Дошкольное образование,с. 6–16,,,,"Тимофеева Л.Л., Бережнова О.В. Организация процесса образования дошкольников: основные понятия // Детский сад: теория и практика. – 2012. – № 6. С. 6 – 16"
2012,Статья в журнале,Организация работы детей в процессе проектной деятельности,,,Проектная и исследовательская деятельность,с. 56–62,,,,Тимофеева Л.Л. Организация работы детей в процессе проектной деятельности // Управление начальной школой. – 2012 – № 9. – С. 56 – 62
2012,Статья в журнале,Особенности организации образовательной деятельности в первой младшей группе,Бережнова О.В.,Центр педагогического образования,Планирование образовательной деятельности,с. 3–11,,,,"Тимофеева Л.Л., Бережнова О.В. Особенности организации образовательной деятельности в первой младшей группе // Планирование образовательной деятельности с детьми в режиме дня. Первая младшая группа. Авторы-составители Тимофеева Л.Л., Корнеичева Е.Е., Грачева Н.И. / Под ред. Л.Л. Тимофеевой. – М.: Центр педагогического образования, 2012. С. 3 – 11"
2012,Статья в журнале,Особенности организации образовательной деятельности в первой младшей группе,Бережнова О.В.,,Профессиональное развитие педагогов; Дошкольное образование,с. 51–62,,,,"Тимофеева Л.Л., Бережнова О.В. Особенности организации образовательной деятельности в первой младшей группе. // Воспитатель ДОУ. – 2012. – № 11. – С. 51 – 62"
2012,Статья в журнале,Планирование образовательного процесса в соответствии с ФГТ: основные принципы и подходы,Бережнова О.В.,Центр педагогического образования,Планирование образовательной деятельности,с. 3–12,,,,"Бережнова О.В., Тимофеева Л.Л. Планирование образовательного процесса в соответствии с ФГТ: основные принципы и подходы // Планирование образовательной деятельности с детьми в режиме дня. Средняя группа. Авторы-составители Корнеичева Е.Е., Грачева Н.И. / Под ред. Л.Л. Тимофеевой. – М.: Центр педагогического образования, 2012. С. 3 – 12"
2012,Статья в журнале,Планирование образовательной деятельности в подготовительной к школе группе,Бережнова О.В.,Центр педагогического образования,Планирование образовательной деятельности,с. 3–9,,,,"Тимофеева Л.Л., Бережнова О.В. Планирование образовательной деятельности в подготовительной к школе группе // Планирование образовательной деятельности с детьми в режиме дня. Подготовительная к школе группа. Издание 2-е, дополненное. Авторы-составители Корнеичева Е.Е., Грачева Н.И. / Под ред. Л.Л. Тимофеевой. – М.: Центр педагогического образования, 2012. С. 3 – 9"
2012,Программа / планирование,Планирование образовательной деятельности с детьми в режиме дня. Вторая младшая группа,Корнеичева Е.Е.; Грачева Н.И.,Центр педагогического образования,Планирование образовательной деятельности,,,,,"Планирование образовательной деятельности с детьми в режиме дня. Вторая младшая группа. Авторы-составители Корнеичева Е.Е., Грачева Н.И. / Под ред. Л.Л. Тимофеевой. – М.: Центр педагогического образования, 2012. – 352 с"
2012,Программа / планирование,Планирование образовательной деятельности с детьми в режиме дня. Вторая младшая группа,Корнеичева Е.Е.; Грачева Н.И.,Центр педагогического образования,Планирование образовательной деятельности,,,,,"Планирование образовательной деятельности с детьми в режиме дня. Вторая младшая группа. Издание 2-е, дополненное. Авторы-составители Корнеичева Е.Е., Грачева Н.И. / Под ред. Л.Л. Тимофеевой. – М.: Центр педагогического образования, 2012. – 352 с"
2012,Программа / планирование,Планирование образовательной деятельности с детьми в режиме дня. Первая младшая группа,Корнеичева Е.Е.; Грачева Н.И.,Центр педагогического образования,Планирование образовательной деятельности,,,,,"Планирование образовательной деятельности с детьми в режиме дня. Первая младшая группа. Авторы-составители Тимофеева Л.Л., Корнеичева Е.Е., Грачева Н.И. / Под ред. Л.Л. Тимофеевой. – М.: Центр педагогического образования, 2012. – 304 с"
2012,Программа / планирование,Планирование образовательной деятельности с детьми в режиме дня. Подготовительная к школе группа,Корнеичева Е.Е.; Грачева Н.И.,Центр педагогического образования,Планирование образовательной деятельности,,,,,"Планирование образовательной деятельности с детьми в режиме дня. Подготовительная к школе группа. Авторы-составители Корнеичева Е.Е., Грачева Н.И. / Под ред. Л.Л. Тимофеевой. – М.: Центр педагогического образования, 2012. – 496 с"
2012,Программа / планирование,Планирование образовательной деятельности с детьми в режиме дня. Подготовительная к школе группа,Корнеичева Е.Е.; Грачева Н.И.,Центр педагогического образования,Планирование образовательной деятельности,,,,,"Планирование образовательной деятельности с детьми в режиме дня. Подготовительная к школе группа. Издание 2-е, дополненное. Авторы-составители Корнеичева Е.Е., Грачева Н.И. / Под ред. Л.Л. Тимофеевой. – М.: Центр педагогического образования, 2012. – 496 с"
2012,Программа / планирование,Планирование образовательной деятельности с детьми в режиме дня. Средняя группа,Корнеичева Е.Е.; Грачева Н.И.,Центр педагогического образования,Планирование образовательной деятельности,,,,,"Планирование образовательной деятельности с детьми в режиме дня. Средняя группа. Авторы-составители Корнеичева Е.Е., Грачева Н.И. / Под ред. Л.Л. Тимофеевой. – М.: Центр педагогического образования, 2012"
2012,Статья в журнале,Повышение компетентности педагога по проблеме формирования культуры безопасности у дошкольников,,,Культура безопасности; Профессиональное развитие педагогов,с. 6–18,,,,Тимофеева Л.Л. Повышение компетентности педагога по проблеме формирования культуры безопасности у дошкольников. // Детский сад: теория и практика. – 2012. – № 11. – С. 6 – 18
2012,Статья в журнале,Повышение компетентности родителей в вопросах воспитания культуры безопасности у старших дошкольников,Королева Н.И.,,Культура безопасности; Профессиональное развитие педагогов,с. 61–68,,,,"Тимофеева Л.Л., Королева Н.И. Повышение компетентности родителей в вопросах воспитания культуры безопасности у старших дошкольников. // Дошкольная педагогика. 2012. № 6. С. 61 – 68"
2012,Статья в журнале,Проблема оценки качества профессиональной деятельности воспитателя ДОУ,Бережнова О.В.,,Профессиональное развитие педагогов; Дошкольное образование,с. 4–11,,,,"Тимофеева Л.Л., Бережнова О.В. Проблема оценки качества профессиональной деятельности воспитателя ДОУ. // Дошкольная педагогика. 2012, № 6, с. 4 – 11"
2012,Статья в журнале,Проблема повышения профессиональной компетентности воспитателя,,,Профессиональное развитие педагогов,с. 23–28,,,,Тимофеева Л.Л. Проблема повышения профессиональной компетентности воспитателя // Дошкольное образование Орловской области. Педагогические новации. Выпуск 5. Часть 1. 2012. С. 23 – 28
2012,Статья в сборнике,Проблема подготовки педагога к работе в условиях вариативного дошкольного образования,,,Профессиональное развитие педагогов; Дошкольное образование,с. 365–374,,,http://www.uni-altai.ru/ped-pshyhol/ped-pshyhol_news/.,"Тимофеева Л.Л. Проблема подготовки педагога к работе в условиях вариативного дошкольного образования // Мир детства: парадигмы образования и развития. Сборник материалов I Международной научно-практической (заочной) конференции (4—5 апреля 2012 г., г. Барнаул) / под ред. А.А. Майера. – Барнаул, 2012. – 436 с. Номер госрегистрации обязательного экземпляра электронного издания – 0321300233. С. 365–374"
2012,Статья в журнале,Проблемный подход в образовании старших дошкольников,,,Дошкольное образование,с. 40–50,,,,Тимофеева Л.Л. Проблемный подход в образовании старших дошкольников // Детский сад: теория и практика. – 2012. – № 6. С. 40 – 50
2012,Статья в журнале,Проблемный подход в работе с дошкольниками,,,Дошкольное образование,с. 85–94,,,,Тимофеева Л.Л. Проблемный подход в работе с дошкольниками. // Воспитатель ДОУ. – 2012. – № 6. – С. 85 – 94
2012,Статья в журнале,Проектный метод в дошкольном образовании,,,Проектная и исследовательская деятельность; Дошкольное образование,с. 6–20,,,,Тимофеева Л.Л. Проектный метод в дошкольном образовании // Детский сад: теория и практика. – 2012. – № 9. – С. 6 – 20
2012,Статья в журнале,Психолого-педагогические тренинги в работе с педагогами,Капунова Т.М.,,Начальное образование,с. 23–34,,,,"Тимофеева Л.Л., Капунова Т.М. Психолого-педагогические тренинги в работе с педагогами // Управление начальной школой. – 2012. – № 2. – С. 23 – 34"
2012,Статья в журнале,Разработка структуры урока с опорой на ведущие мотивы деятельности обучающихся,,,Начальное образование,с. 26–35,,,,Тимофеева Л.Л. Разработка структуры урока с опорой на ведущие мотивы деятельности обучающихся // Управление начальной школой. – 2012 – № 7. – С. 26 – 35
2012,Статья в журнале,Реализация принципа преемственности дошкольного и начального общего образования: региональный опыт организационного решения,Бережнова О.В.,,Планирование образовательной деятельности; Дошкольное образование,с. 24–76,,,,"Бережнова О.В., Тимофеева Л.Л. Реализация принципа преемственности дошкольного и начального общего образования: региональный опыт организационного решения // Нормативные документы образовательного учреждения. – 2012. – № 4. – С. 24 – 76"
2012,Статья в журнале,Современное планирование деятельности ДОУ в соответствии с ФГТ,Бережнова О.В.,,Планирование образовательной деятельности; Дошкольное образование,с. 29–49,,,,"Тимофеева Л.Л., Бережнова О.В. Современное планирование деятельности ДОУ в соответствии с ФГТ // Управление ДОУ. – 2012. – № 1. – С. 29 – 49"
2012,Статья в журнале,Современное планирование деятельности ДОУ в соответствии с ФГТ,Бережнова О.В.,ИД «Цветной мир»,Планирование образовательной деятельности; Дошкольное образование,с. 310–311,,,,"Бережнова О.В., Тимофеева Л.Л. Современное планирование деятельности ДОУ в соответствии с ФГТ // Методические рекомендации к примерной основной общеобразовательной программе дошкольного образования «Мир открытий». – М.: ИД «Цветной мир», 2012. С. 310– 311"
2012,Статья в журнале,Современные подходы к планированию образовательной деятельности дошкольного учреждения в соответствии с ФГТ,Бережнова О.В.,ИД «Цветной мир»,Планирование образовательной деятельности; Дошкольное образование,с. 32–44,,,,"Бережнова О.В., Тимофеева Л.Л. Современные подходы к планированию образовательной деятельности дошкольного учреждения в соответствии с ФГТ // Методические рекомендации к примерной основной общеобразовательной программе дошкольного образования «Мир открытий». – М.: ИД «Цветной мир», 2012. С. 32 – 44"
2012,Статья в журнале,Современные подходы к планированию образовательной деятельности дошкольного учреждения в соответствии с ФГТ,Бережнова О.В.,Центр педагогического образования,Планирование образовательной деятельности; Дошкольное образование,с. 3–13,,,,"Тимофеева Л.Л., Бережнова О.В. Современные подходы к планированию образовательной деятельности дошкольного учреждения в соответствии с ФГТ // Планирование образовательной деятельности с детьми в режиме дня. Вторая младшая группа. Издание 2-е, дополненное. Авторы-составители Корнеичева Е.Е., Грачева Н.И. / Под ред. Л.Л. Тимофеевой. – М.: Центр педагогического образования, 2012. С. 3–13"
2012,Статья в журнале,Создание условий в ДОУ для формирования социально-нравственных компетенций у детей дошкольного возраста,Трубицина Н.Н.; Морева Н.А.; Гольцова Т.В.,,Духовно-нравственное воспитание; Дошкольное образование,с. 28–31,,,,"Тимофеева Л.Л., Трубицина Н.Н., Морева Н.А., Гольцова Т.В. Создание условий в ДОУ для формирования социально-нравственных компетенций у детей дошкольного возраста // Дошкольное образование орловской области. Педагогические новации. Выпуск 5. Часть 1. 2012. С. 28 – 31"
2011,Статья в журнале,Активные методы обучения учителей начальных классов,Бережнова О.В.,,Профессиональное развитие педагогов; Начальное образование,с. 23–33,,,,"Тимофеева Л.Л., Бережнова О.В. Активные методы обучения учителей начальных классов // Управление начальной школой. – 2011. – № 3. – С. 23 – 33"
2011,Методическое пособие,Аттестация педагогических работников дошкольных образовательных учреждений на первую и высшую квалификационные категории,Бережнова О.В.; Капунова Т.М.,Орловский институт усовершенствования учителей,Профессиональное развитие педагогов; Дошкольное образование,,,,,"Аттестация педагогических работников дошкольных образовательных учреждений на первую и высшую квалификационные категории. Методические рекомендации. Авторы-составители Тимофеева Л.Л., Бережнова О.В., Капунова Т.М. и др. – Орел, ОИУУ, 2011. – 96 с"
2011,Статья в журнале,Летние проекты в ДОУ,,,Проектная и исследовательская деятельность; Дошкольное образование,с. 92–97,,,,Тимофеева Л.Л. Летние проекты в ДОУ // Управление ДОУ. – 2011. – № 4. – С. 92 – 97
2011,Статья в журнале,Метод проектов в ДОУ,,,Проектная и исследовательская деятельность; Дошкольное образование,с. 22–28,,,,Тимофеева Л.Л. Метод проектов в ДОУ. // Управление ДОУ. – 2011. – № 3. – С. 22 – 28
2011,Статья в журнале,Организационные формы предшкольного образования в летний период,,Детство-Пресс,Дошкольное образование,с. 27–34,,,,"Тимофеева Л.Л. Организационные формы предшкольного образования в летний период. // Вариативные формы организации предшкольного образования. Сост. О.В. Бережнова. – СПб.: Детство-пресс, 2011. – С. 27 – 34"
2011,Статья в журнале,Организация дошкольных групп на базе пришкольного лагеря,,,Дошкольное образование,с. 36–43,,,,Тимофеева Л.Л. Организация дошкольных групп на базе пришкольного лагеря. // Управление начальной школой. – 2011 – № 4. – С. 36 – 43
2011,Статья в журнале,Особенности работы дошкольных образовательных групп в составе пришкольного лагеря,,,Дошкольное образование,с. 18–27,,,,Тимофеева Л.Л. Особенности работы дошкольных образовательных групп в составе пришкольного лагеря. // Управление начальной школой. – 2011 – № 5. – С. 18 – 27
2011,Программа / планирование,Планирование веучебной деятельности с детьми в режиме дня. Средняя группа,Корнеичева Е.Е.; Грачева Н.И.,Центр педагогического образования,Планирование образовательной деятельности,,,,,"Планирование веучебной деятельности с детьми в режиме дня. Средняя группа. Авторы-составители Корнеичева Е.Е., Грачева Н.И. / Под ред. Л.Л. Тимофеевой. – М.: Центр педагогического образования, 2011. – Ч.1. – 208 с"
2011,Программа / планирование,Планирование веучебной деятельности с детьми в режиме дня. Средняя группа,Корнеичева Е.Е.; Грачева Н.И.,Центр педагогического образования,Планирование образовательной деятельности,,,,,"Планирование веучебной деятельности с детьми в режиме дня. Средняя группа. Авторы-составители Корнеичева Е.Е., Грачева Н.И. / Под ред. Л.Л. Тимофеевой. – М.: Центр педагогического образования, 2011. – Ч.2. – 256 с"
2011,Программа / планирование,Планирование внеучебной деятельности с детьми в режиме дня. Подготовительная к школе группа,Корнеичева Е.Е.; Грачева Н.И.,Центр педагогического образования,Планирование образовательной деятельности,,,,,"Планирование внеучебной деятельности с детьми в режиме дня. Подготовительная к школе группа. Авторы-составители Корнеичева Е.Е., Грачева Н.И. / Под ред. Л.Л. Тимофеевой. – М.: Центр педагогического образования, 2011. – 496 с"
2011,Программа / планирование,Планирование внеучебной деятельности с детьми в режиме дня. Средняя группа,Корнеичева Е.Е.; Грачева Н.И.,Центр педагогического образования,Планирование образовательной деятельности,,,,,"Планирование внеучебной деятельности с детьми в режиме дня. Средняя группа. Авторы-составители Корнеичева Е.Е., Грачева Н.И. / Под ред. Л.Л. Тимофеевой. – М.: Центр педагогического образования, 2011. – 448 с"
2011,Программа / планирование,Планирование внеучебной деятельности с детьми в режиме дня. Старшая группа,Корнеичева Е.Е.; Грачева Н.И.,Центр педагогического образования,Планирование образовательной деятельности,,,,,"Планирование внеучебной деятельности с детьми в режиме дня. Старшая группа. Авторы-составители Корнеичева Е.Е., Грачева Н.И. / Под ред. Л.Л. Тимофеевой. – М.: Центр педагогического образования, 2011. – 464 с"
2011,Программа / планирование,Планирование образовательной деятельности в режиме дня в соответствии с ФГТ,Бережнова О.В.,Центр педагогического образования,Планирование образовательной деятельности,с. 3–9,,,,"Бережнова О.В., Тимофеева Л.Л. Планирование образовательной деятельности в режиме дня в соответствии с ФГТ / Планирование внеучебной деятельности детей в режиме дня. Подготовительная к школе группа. М.: Центр педагогического образования, 2011. С. 3—9"
2011,Статья в журнале,Планирование образовательной деятельности дошкольников в режиме дня в соответствии с ФГТ,Бережнова О.В.,,Планирование образовательной деятельности; Дошкольное образование,с. 13–22,,,,"Тимофеева Л.Л., Бережнова О.В. Планирование образовательной деятельности дошкольников в режиме дня в соответствии с ФГТ // Дошкольная педагогика. 2011, № 8, с. 13 – 22"
2011,Статья в журнале,Повышение профессионального мастерства педагогов современной системы вариативного предшкольного образования,Бережнова О.В.,Детство-Пресс,Профессиональное развитие педагогов; Дошкольное образование,с. 72–83,,,,"Бережнова О.В., Тимофеева Л.Л. Повышение профессионального мастерства педагогов современной системы вариативного предшкольного образования. // Вариативные формы организации предшкольного образования. Сост. О.В. Бережнова. – СПб.: «Детство-пресс», 2011. – С. 72 – 83"
2011,Статья в журнале,Подготовка к школе старших дошкольников в условиях выездного оздоровительного лагеря,Чипинюк И.Е.,Детство-Пресс,Дошкольное образование,с. 176–182,,,,"Чипинюк И.Е., Тимофеева Л.Л. Подготовка к школе старших дошкольников в условиях выездного оздоровительного лагеря. // Вариативные формы организации предшкольного образования. Сост. О.В. Бережнова. – СПб.: «Детство-пресс», 2011. – С. 176 – 182"
2011,Статья в журнале,Построение вариативной системы предшкольного образования в регионе,Бережнова О.В.,Детство-Пресс,Дошкольное образование,с. 5–17,,,,"Бережнова О.В., Тимофеева Л.Л. Построение вариативной системы предшкольного образования в регионе // Вариативные формы организации предшкольного образования. Сост. О.В. Бережнова. – СПб.: Детство-пресс, 2011. – С. 5 – 17"
2011,Книга,Проектный метод в детском саду. «Мультфильм своими руками»,,Детство-Пресс,Проектная и исследовательская деятельность; Дошкольное образование,,,,,"Тимофеева Л.Л. Проектный метод в детском саду. «Мультфильм своими руками». – СПб.: «Детство-пресс», 2011. – 80 с"
2011,Статья в журнале,Расскажем сказку интересно. Интерактивные сказки для дошкольников,,,Дошкольное образование,с. 104–119,,,,Тимофеева Л.Л. Расскажем сказку интересно. Интерактивные сказки для дошкольников. // Воспитатель ДОУ. – 2011. – № 3. – С. 104 – 119
2011,Книга,Ребенок и окружающий мир. Комплексные занятия в подготовительной группе,,Детство-Пресс,Естественно-научная грамотность,,,,,"Тимофеева Л.Л. Ребенок и окружающий мир. Комплексные занятия в подготовительной группе. – СПб.: Детство-пресс, 2011. – 288 с. + иллюстрации"
2011,Книга,Ребенок и окружающий мир. Комплексные занятия в старшей группе,,Детство-Пресс,Естественно-научная грамотность,,,,,"Тимофеева Л.Л. Ребенок и окружающий мир. Комплексные занятия в старшей группе. – СПб.: Детство-пресс, 2011. – 288 с. + иллюстрации"
2011,Статья в журнале,Региональный опыт создания инновационных форм организации дошкольного образования,Бережнова О.В.,,Дошкольное образование,с. 19–29,,,,"Тимофеева Л.Л., Бережнова О.В. Региональный опыт создания инновационных форм организации дошкольного образования. // Детский сад: теория и практика. – 2011. – № 2. – С. 19 – 29"
2011,Статья в журнале,Современный педагог в системе вариативного предшкольного образования,Бережнова О.В.,,Дошкольное образование,с. 6–12,,,,"Тимофеева Л.Л., Бережнова О.В. Современный педагог в системе вариативного предшкольного образования. // Начальная школа плюс До и После. – 2011. – № 4. – С. 6 – 12"
2011,Статья в журнале,Технология модульного планирования внеучебной деятельности дошкольников,Корнеичева Е.Е.; Грачева Н.И.,,Планирование образовательной деятельности; Дошкольное образование,с. 16–25,,,,"Тимофеева Л.Л., Корнеичева Е.Е., Грачева Н.И. Технология модульного планирования внеучебной деятельности дошкольников // Справочник старшего воспитателя. – 2011. – № 3. – С. 16 – 25"
2010,Статья в журнале,"Дошкольные группы для детей, не посещающих ДОУ",Бережнова О.В.,,Дошкольное образование,с. 12–22,,,,"Тимофеева Л.Л., Бережнова О.В. Дошкольные группы для детей, не посещающих ДОУ // Управление дошкольным образовательным учреждением. 2010, № 8, с. 12 – 22"
2010,Книга,Маленькая дверь в волшебный мир загадок,,Дрофа,,,,,,"Тимофеева Л.Л. Маленькая дверь в волшебный мир загадок. – М.: Дрофа, 2010. – 109 с"
2010,Статья в журнале,"Организация образования дошкольников, не посещающих ДОУ",Бережнова О.В.,,Дошкольное образование,с. 10–15,,,,"Тимофеева Л.Л., Бережнова О.В. Организация образования дошкольников, не посещающих ДОУ // Дошкольная педагогика. 2010, № 6, с. 10 – 15"
2010,Статья в журнале,Планирование веучебной деятельности в режиме ДОУ,Корнеичева Е.Е.; Грачева Н.И.,,Планирование образовательной деятельности; Дошкольное образование,с. 83–95,,,,"Тимофеева Л.Л., Корнеичева Е.Е., Грачева Н.И. Планирование веучебной деятельности в режиме ДОУ. // Воспитатель ДОУ. – 2010. – № 9. – С. 83 – 95"
2010,Программа / планирование,Планирование веучебной деятельности с детьми в режиме дня. Вторая младшая группа,Корнеичева Е.Е.; Грачева Н.И.,Центр педагогического образования,Планирование образовательной деятельности,,,,,"Планирование веучебной деятельности с детьми в режиме дня. Вторая младшая группа. Авторы-составители Корнеичева Е.Е., Грачева Н.И. / Под ред. Л.Л. Тимофеевой. – М.: Центр педагогического образования, 2010. – 256 с"
2010,Статья в журнале,Проблемный урок в контексте личностно ориентированного образования,,,Начальное образование,с. 32–38,,,,"Тимофеева Л.Л. Проблемный урок в контексте личностно ориентированного образования. // Биология в школе. 2010, № 6, с. 32 – 38"
2010,Статья в журнале,Проект «Мультфильм своими руками»,,,Проектная и исследовательская деятельность,с. 12–16,,,,"Тимофеева Л.Л. Проект «Мультфильм своими руками» // Дошкольная педагогика. 2010, № 3, с. 12 – 16"
2010,Статья в журнале,Проектный метод в работе со старшими дошкольниками,,,Проектная и исследовательская деятельность; Дошкольное образование,с. 7–12,,,,"Тимофеева Л.Л. Проектный метод в работе со старшими дошкольниками. // Дошкольная педагогика. 2010, № 1, с. 7 – 12"
2010,Статья в журнале,Развитие мотивационной сферы ребенка,,,Профессиональное развитие педагогов; Дошкольное образование,с. 42–49,,,,Тимофеева Л.Л. Развитие мотивационной сферы ребенка // Справочник старшего воспитателя дошкольного учреждения. – 2010. – № 11. – С. 42 – 49
2010,Статья в журнале,Формирование графического навыка у леворуких детей на этапе подготовки к обучению в школе,Мишина И.А.,,Профессиональное развитие педагогов; Дошкольное образование,с. 105–110,,,,"Тимофеева Л.Л., Мишина И.А. Формирование графического навыка у леворуких детей на этапе подготовки к обучению в школе. // Воспитатель ДОУ. – 2010. – № 12. – С. 105 – 110"
2010,Статья в журнале,Формирование умения решать учебную задачу у старших дошкольников,,,Дошкольное образование,с. 49–53,,,,"Тимофеева Л.Л. Формирование умения решать учебную задачу у старших дошкольников // Воспитатель ДОУ. 2010, № 7, с. 49 – 53"
2009,Рабочая тетрадь,В мире букв,,Орловский институт усовершенствования учителей,Дошкольное образование,,,,,"Тимофеева Л.Л. В мире букв. Рабочая тетрадь дошкольника. Учебное пособие. – Орел: ОИУУ, 2009. – 28 с"
2009,Статья в сборнике,Дошкольные образовательные группы на базе летних оздоровительных пришкольных лагерей,,Орловский государственный университет,Дошкольное образование,с. 47–53,,,,"Тимофеева Л.Л. Дошкольные образовательные группы на базе летних оздоровительных пришкольных лагерей. // Подготовка детей к школе в условиях вариативного дошкольного образования: актуальные проблемы и тенденции. Сб. научных статей. – Орел: ОГУ, 2009. С. 47-53"
2009,Статья в журнале,Интерактивные спектакли в ДОУ,,,Дошкольное образование,с. 118–121,,,,Тимофеева Л.Л. Интерактивные спектакли в ДОУ // Воспитатель ДОУ. 2009. № 10. С. 118 – 121
2009,Методическое пособие,Комплексные развивающие занятия в подготовительной группе,,Орловский институт усовершенствования учителей,Дошкольное образование,,,,,"Тимофеева Л.Л. Комплексные развивающие занятия в подготовительной группе. Методическое пособие для воспитателей ДОУ, специалистов дополнительного образования. Изд. 2, дополненное. Орел: ОИУУ, 2009. – 186 с. Тираж 1000 экз"
2009,Методическое пособие,Комплексные развивающие занятия в старшей группе,,Орловский институт усовершенствования учителей,Дошкольное образование,,,,,"Тимофеева Л.Л. Комплексные развивающие занятия в старшей группе. Методическое пособие для воспитателей ДОУ, специалистов дополнительного образования. Изд. 2, дополненное. Орел: ОИУУ, 2009. – 174 с. Тираж 1000 экз"
2009,Статья в журнале,Летние формы образования старших дошкольников,,,Дошкольное образование,с. 18–22,,,,Тимофеева Л.Л. Летние формы образования старших дошкольников //Дошкольное воспитание. 2009. № 6. С. 18—22
2009,Статья в сборнике,Летние формы организации образования старших дошкольников,,ИЦ «Наука»,Дошкольное образование,с. 158–163,,,,"Тимофеева Л.Л. Летние формы организации образования старших дошкольников // Вопросы теории и практики дошкольного образования. Сборник научно-методич. статей. Вып. V. – Саратов: ИЦ «Наука», 2009. С. 158 – 163"
2009,Статья в журнале,Мониторинг формирования общеучебных навыков у дошкольников,,,Дошкольное образование,с. 43–52,,,,Тимофеева Л.Л. Мониторинг формирования общеучебных навыков у дошкольников // Справочник старшего воспитателя. – 2009. – № 11. – С. 43-52
2009,Статья в журнале,Мониторинг формирования общеучебных навыков у дошкольников,,,Дошкольное образование,с. 43–51,,,,Тимофеева Л.Л. Мониторинг формирования общеучебных навыков у дошкольников // Справочник старшего воспитателя дошкольного учреждения. 2009. № 11. с. 43-51
2009,Статья в журнале,Мультфильм своими руками,,,Проектная и исследовательская деятельность,с. 25–28,,,,Тимофеева Л.Л. Мультфильм своими руками // Воспитатель ДОУ. 2009. № 10. С. 25 – 28
2009,Статья в сборнике,Организационные формы предшкольного образования в летний период,,Орловский институт усовершенствования учителей,Дошкольное образование,с. 18–22,,,,"Тимофеева Л.Л. Организационные формы предшкольного образования в летний период // Предшкольное образование в Орловской области. Сборник научно-методических материалов. – Орел: О ИУУ, 2009. – 136 с. С. 18 – 22"
2009,Рабочая тетрадь,От лета до лета,,Орловский институт усовершенствования учителей,,,,,,"Тимофеева Л.Л. От лета до лета. Рабочая тетрадь для старшей группы на печатной основе. Изд. 2, дополненное. Орел: ОИУУ, 2009. – 56 с. Тираж 1000 экз"
2009,Методическое пособие,Педагогическая диагностика в детском саду,,Орловский институт усовершенствования учителей,Дошкольное образование,,,,,"Тимофеева Л.Л. Педагогическая диагностика в детском саду. Методическое пособие. – Орел.: ОИУУ, 2009. – 72 с"
2009,Статья в сборнике,Подготовка педагога к работе в условиях вариативного дошкольного образования,,Орловский государственный университет,Профессиональное развитие педагогов; Дошкольное образование,с. 293–301,,,,"Тимофеева Л.Л. Подготовка педагога к работе в условиях вариативного дошкольного образования. // Подготовка детей к школе в условиях вариативного дошкольного образования: актуальные проблемы и тенденции. Сб. научных статей. – Орел: ОГУ, 2009. С. 293-301"
2009,Статья в сборнике,Построение вариативной системы предшкольного образования в регионе,Бережнова О.В.,Орловский институт усовершенствования учителей,Дошкольное образование,с. 4–11,,,,"Бережнова О.В., Тимофеева Л.Л. Построение вариативной системы предшкольного образования в регионе // Предшкольное образование в Орловской области. Сборник научно-методических материалов. – Орел: О ИУУ, 2009. – 136 с. С. 4 – 11"
2009,Рабочая тетрадь,Путешествие начинается,,Орловский институт усовершенствования учителей,,,,,,"Тимофеева Л.Л. Путешествие начинается. Рабочая тетрадь для подготовительной группы на печатной основе. Изд. 2, дополненное. Орел: ОИУУ, 2009. – 48 с. Тираж 1000 экз"
2009,Статья в журнале,Развивающие возможности спортивной секции по бадминтону,,,Дошкольное образование,с. 121–125,,,,Тимофеева Л.Л. Развивающие возможности спортивной секции по бадминтону // Инструктор по физкультуре ДОУ. 2009. № 3. С. 121 – 125
2009,Статья в сборнике,Факторы повышения адаптивности системы предшкольного образования,Бережнова О.В.,Орловский институт усовершенствования учителей,Дошкольное образование,с. 47–54,,,,"Бережнова О.В., Тимофеева Л.Л. Факторы повышения адаптивности системы предшкольного образования // Предшкольное образование в Орловской области. Сборник научно-методических материалов. – Орел: О ИУУ, 2009. – 136 с. С. 47 – 54"
2009,Статья в журнале,Формирование элементов учебной деятельности у старших дошкольников,,,Дошкольное образование,с. 50–58,,,,Тимофеева Л.Л. Формирование элементов учебной деятельности у старших дошкольников. // Справочник старшего воспитателя дошкольного учреждения. 2009. № 1. С. 50-58
2009,Статья в журнале,Формирование элементов учебной деятельности у старших дошкольников,,,Дошкольное образование,с. 59–64,,,,Тимофеева Л.Л. Формирование элементов учебной деятельности у старших дошкольников // Воспитатель ДОУ. 2009. № 10. С. 59 – 64
2008,Книга,Инновационные структуры предшкольного образования. Актуальные проблемы и тенденции современного дошкольного образования. Сборник научных статей. Белорусский Гос. пед. университет. Минск. 2008. С. 224 - 226,,,Дошкольное образование,с. 224–226,,,,Тимофеева Л.Л. Инновационные структуры предшкольного образования. Актуальные проблемы и тенденции современного дошкольного образования. Сборник научных статей. Белорусский Гос. пед. университет. Минск. 2008. С. 224 - 226
2008,Статья в сборнике,Организация адаптационного периода в условиях дошкольной образовательной группы в детском пришкольном лагере,,ACADEMIA,Дошкольное образование,с. 251–254,,,,"Тимофеева Л.Л. Организация адаптационного периода в условиях дошкольной образовательной группы в детском пришкольном лагере // Образование старших дошкольников в преемственности с начальной школой как стратегической направление развития образования России. Сборник материалов Всероссийской НПК. М.: ACADEMIA, 2008. С. 251–254"
2008,Статья в журнале,Организация периода адаптации к школьному обучению,,,Начальное образование,с. 79–85,,,,Тимофеева Л.Л. Организация периода адаптации к школьному обучению. // Начальная школа. 2008. № 6. С.79-85
2008,Статья в журнале,Подготовка специалистов по предшкольному образованию,Бережнова О.В.,,Дошкольное образование,с. 5–10,,,,"Бережнова О.В., Тимофеева Л.Л. Подготовка специалистов по предшкольному образованию. // Справочник руководителя дошкольного учреждения. 2008. № 9. С. 5 - 10"
2008,Статья в журнале,Система образования старших дошкольников,,,Дошкольное образование,с. 22–25,,,,Тимофеева Л.Л. Система образования старших дошкольников. // Дошкольное воспитание. 2008. № 6. С. 22-25
2007,Статья в журнале,Вариативные формы предшкольного образования,,,Дошкольное образование,с. 58–65,,,,Тимофеева Л.Л. Вариативные формы предшкольного образования. //Справочник руководителя дошкольного учреждения. 2007. № 12. с. 58 – 65
2007,Статья в журнале,Когда хочется учиться,,,Начальное образование,с. 41–47,,,,Тимофеева Л.Л. Когда хочется учиться. //Начальная школа. – 2007. – № 10. – с. 41- 47
2007,Статья в журнале,Маленькая дверь в волшебный мир загадок,,,Дошкольное образование,с. 21–26,,,,Тимофеева Л.Л. Маленькая дверь в волшебный мир загадок. //Дошкольное воспитание. – 2007. – № 6. – С. 21-26
2007,Книга,"Уроки природоведения в 5 классе к учебнику В.М. Пакуловой, Н.В. Ивановой «Природоведение. Природа неживая и живая»",,Дрофа,Естественно-научная грамотность; Начальное образование,,,,,"Тимофеева Л.Л. Уроки природоведения в 5 классе к учебнику В.М. Пакуловой, Н.В. Ивановой «Природоведение. Природа неживая и живая». М.: Дрофа, 2007. – 283 с"
2006,Методическое пособие,Вселенная «Я»,,Орловский институт усовершенствования учителей,,,,,,"Тимофеева Л.Л. Вселенная «Я». Методическое пособие. – Орел, ОИУУ, 2006"
2006,Рабочая тетрадь,"Загадки в избе, на дворе и в поле",,Педагогическое общество России,Дошкольное образование,,,,,"Тимофеева Л.Л. Загадки в избе, на дворе и в поле. Рабочая тетрадь дошкольника. – М.: Педагогическое общество России, 2006"
2006,Рабочая тетрадь,Загадки в нашем доме,,Педагогическое общество России,Дошкольное образование,,,,,"Тимофеева Л.Л. Загадки в нашем доме. Рабочая тетрадь дошкольника. – М.: Педагогическое общество России, 2006"
2006,Рабочая тетрадь,"Загадки в небесах, на земле и на море",,Педагогическое общество России,Дошкольное образование,,,,,"Тимофеева Л.Л. Загадки в небесах, на земле и на море. Рабочая тетрадь дошкольника. М.: Педагогическое общество России, 2006"
2006,Рабочая тетрадь,Загадки природы,,Педагогическое общество России,Дошкольное образование,,,,,"Тимофеева Л.Л. Загадки природы. Рабочая тетрадь дошкольника. – М.: Педагогическое общество России, 2006"
2006,Рабочая тетрадь,Загадочные животные,,Педагогическое общество России,Дошкольное образование,,,,,"Тимофеева Л.Л. Загадочные животные. Рабочая тетрадь дошкольника. – М.: Педагогическое общество России, 2006"
2006,Методическое пособие,Комплексные развивающие занятия в подготовительной группе,Уман А.И.,Педагогическое общество России,Дошкольное образование,,,,,"Тимофеева Л.Л., Уман А.И. Комплексные развивающие занятия в подготовительной группе. Методическое пособие для воспитателей ДОУ, специалистов дополнительного образования. – М.: Педагогическое общество России, 2006"
2006,Методическое пособие,Комплексные развивающие занятия в старшей группе,Уман А.И.,Педагогическое общество России,Дошкольное образование,,,,,"Тимофеева Л.Л. Уман А.И. Комплексные развивающие занятия в старшей группе. Методическое пособие для воспитателей ДОУ, специалистов дополнительного образования. – М.: Педагогическое общество России, 2006"
2006,Рабочая тетрадь,От лета до лета,,Педагогическое общество России,,,,,,"Тимофеева Л.Л. От лета до лета. Рабочая тетрадь для старшей группы на печатной основе. – М.: Педагогическое общество России, 2006"
2006,Методическое пособие,Построение развивающих занятий со старшими дошкольниками. (Формирование готовности к учебной деятельности),,Педагогическое общество России,Дошкольное образование,,,,,"Тимофеева Л.Л. Построение развивающих занятий со старшими дошкольниками. (Формирование готовности к учебной деятельности). Учебное пособие. – М.: Педагогическое общество России, 2006"
2006,Рабочая тетрадь,Путешествие начинается,,Педагогическое общество России,,,,,,"Тимофеева Л.Л. Путешествие начинается. Рабочая тетрадь для подготовительной группы на печатной основе. – М.: Педагогическое общество России, 2006"
2006,Статья в сборнике,Разработка вариативных форм предшкольного образования: проблемы переподготовки специалистов,Бережнова О.В.; Капунова Т.М.,,Дошкольное образование,с. 243–247,,,,"Бережнова О.В., Тимофеева Л.Л., Капунова Т.М. Разработка вариативных форм предшкольного образования: проблемы переподготовки специалистов. //Модернизация системы профессионального образования на основе регулируемого эволюционирования. Материалы Всероссийской НПК, Ч. 2. Челябинск, 14.11.2006. С. 243 - 247"
2006,Книга,Учебные планы дошкольных образовательных учреждений,Патронова И.А.; Куликова О.А.,Педагогическое общество России,Дошкольное образование,,,,,"Учебные планы дошкольных образовательных учреждений. Составители: Патронова И.А., Куликова О.А., Тимофеева Л.Л. – М.: Педагогическое общество России, 2006"
2006,Рабочая тетрадь,Я – загадка,,Педагогическое общество России,Дошкольное образование,,,,,"Тимофеева Л.Л. Я – загадка. Рабочая тетрадь дошкольника. – М.: Педагогическое общество России, 2006"
2004,Статья в сборнике,Мир загадок и мир в загадках,,Орловский институт усовершенствования учителей,Экологическое образование; Дошкольное образование,с. 73–79,,,,"Тимофеева Л.Л. Мир загадок и мир в загадках. // О нашем общем доме. Экологическое образование дошкольников. Сборник материалов областной НПК. Под ред. Л.Л. Тимофеевой. – Орел.: ОО ИУУ, 2004. С. 73–79"
2004,Статья в сборнике,Проблемы экологического воспитания дошкольников в свете идей гуманной педагогики,,Орловский институт усовершенствования учителей,Экологическое образование; Дошкольное образование,с. 4–13,,,,"Тимофеева Л.Л. Проблемы экологического воспитания дошкольников в свете идей гуманной педагогики. // О нашем общем доме. Экологическое образование дошкольников. Сборник материалов областной НПК. Под ред. Л.Л. Тимофеевой. – Орел.: ОО ИУУ, 2004. С. 4 – 13"
2004,Книга,Формирование элементов учебной деятельности у старших дошкольников,,Орловский институт усовершенствования учителей,Дошкольное образование,,,,,"Тимофеева Л.Л. Формирование элементов учебной деятельности у старших дошкольников. – Орел.: Издательство ОО ИУУ, 2004 г. – 146 с"
2003,Программа / планирование,Читаем вместе,,Орловский институт усовершенствования учителей,,,,,,"Читаем вместе. Хрестоматия и методические материалы. Автор-составитель Л.Л. Тимофеева. – Орел.: Издательство ОО ИУУ, 2003 г"
2000,Книга,Вокруг света. Естествознание в 3 классе,,Орловский институт усовершенствования учителей,Естественно-научная грамотность,,,,,"Тимофеева Л.Л. Вокруг света. Естествознание в 3 классе. – Орел.: Издательство ОО ИУУ, 2000. – 56 с"
2000,Книга,Если посмотреть вокруг. Естествознание во 2 классе,,Орловский институт усовершенствования учителей,Естественно-научная грамотность,,,,,"Тимофеева Л.Л. Если посмотреть вокруг. Естествознание во 2 классе. – Орел.: Издательство ОО ИУУ, 2000. – 56 с"
2000,Депонированная работа,Условия формирования навыков использования научных методов познания у учащихся 5 – 6 классов на материале естествознания,,,Естественно-научная грамотность,,,,,"Тимофеева Л.Л. Условия формирования навыков использования научных методов познания у учащихся 5 – 6 классов на материале естествознания. // Деп. в ИТОР РАО от 07.09.2000, № 13-2000"
2000,Статья в журнале,"Учись играя, учись танцуя, учись читая, учись рисуя",,,,с. 12–15,,,,"Тимофеева Л.Л. Учись играя, учись танцуя, учись читая, учись рисуя. // Общество и образование, 2000, № 5, с. 12 – 15"
2000,Книга,Учись учиться. Естествознание в 1 классе,,Орловский институт усовершенствования учителей,Естественно-научная грамотность,,,,,"Тимофеева Л.Л. Учись учиться. Естествознание в 1 классе. – Орел.: Издательство ОО ИУУ, 2000. – 56 с"
2000,Депонированная работа,Формирование навыков познавательной деятельности. Начальный этап,,,Проектная и исследовательская деятельность; Начальное образование,,,,,"Тимофеева Л.Л. Формирование навыков познавательной деятельности. Начальный этап. // Деп. в ИТОР РАО от 07.09. 2000, № 14-2000"
1999,Книга,Ведение в обучение,,Орловский институт усовершенствования учителей,,,,,,"Тимофеева Л.Л. Ведение в обучение. – Орел.: Издательство ОО ИУУ, 1999. – 22 с"
1999,Статья в сборнике,Время собирать или Педагогическая арифметика,,Орловский институт усовершенствования учителей,,с. 37–43,,,,"Тимофеева Л.Л. Время собирать или Педагогическая арифметика. // Мир в котором мы живем. Сб. статей сотр. и препод. школы «Ключик» Вып. 2. – Орел: Издательство ИУУ, 1999, с. 37 – 43"
1998,Статья в журнале,Личностно-ориентированные подходы в организации учения детей и взрослых,,Орловский институт усовершенствования учителей,,с. 12–20,,,,"Тимофеева Л.Л. Личностно-ориентированные подходы в организации учения детей и взрослых. // Ежегодный вестник ОО ИУУ. Орел: Издательство ИУУ, 1998, с. 12 – 20"
1997,Статья в сборнике,Естествознание в шестом классе,,Орловский институт усовершенствования учителей,Естественно-научная грамотность,с. 52–53,,,,"Тимофеева Л.Л. Естествознание в шестом классе. // Мир в котором мы живем. Сб. статей сотр. и препод. школы «Ключик». Вып.1. – Орел: Издательство ИУУ, 1997, с. 52 – 53"
,Статья в журнале,Духовно-нравственная безопасность детей дошкольного возраста в современном обществе,Михайлова А.Е.,,Культура безопасности; Духовно-нравственное воспитание,,,,,"Тимофеева Л.Л., Михайлова А.Е. Духовно-нравственная безопасность детей дошкольного возраста в современном обществе // ОБЖ. 1?"
,Статья в журнале,Информационная безопасность студентов: методы педагогической диагностики,Гурова О.Н.,,Информационная культура и безопасность; Культура безопасности,,,,,"Гурова О.Н., Тимофеева Л.Л. Информационная безопасность студентов: методы педагогической диагностики // ОБЖ. 2?"
,Статья в журнале,На стыке двух эпох,,,,,,,,Тимофеева Л.Л. На стыке двух эпох // Горизонты современного образования. № 8. С. 4
,Статья в журнале,Обеспечение преемственности между дошкольным и начальным общим образованием (окончание статьи),,,Планирование образовательной деятельности; Дошкольное образование,с. 9–12,10.12737/article_5bc9ac72d809c1.97908572,,https://doi.org/10.12737/article_5bc9ac72d809c1.97908572,Тимофеева Л.Л. Обеспечение преемственности между дошкольным и начальным общим образованием (окончание статьи) // Начальное образование. Том 6 Номер 5. С. 9—12
,Книга,Онлайн-олимпиада для учителей начальных,Бутримова И.В.,,Профессиональное развитие педагогов; Начальное образование,,,,,Тимофеева Л.Л. Бутримова И.В. Онлайн-олимпиада для учителей начальных
,Статья в журнале,Планирование организации внеучебной деятельности дошкольников в режиме дня,Корнеичева Е.Е.; Грачева Н.И.,,Планирование образовательной деятельности; Дошкольное образование,с. 44–52,,,,"Тимофеева Л.Л., Корнеичева Е.Е., Грачева Н.И. Планирование организации внеучебной деятельности дошкольников в режиме дня. // Дошкольное образование Орловской области. Педагогические новации. Вып. 4. Ч. 1. С. 44 – 52"
,Статья в журнале,Проектирование содержания процесса формирования компетентности в сфере информационной безопасности у студентов вуза,Гурова О.Н.,,Информационная культура и безопасность; Культура безопасности,,,,,"Гурова О.Н., Тимофеева Л.Л. Проектирование содержания процесса формирования компетентности в сфере информационной безопасности у студентов вуза // МООМ"
,Книга,Реализация деятельностного подхода на уроках окружающего,,,Начальное образование,,,,,Тимофеева Л.Л. Реализация деятельностного подхода на уроках окружающего
,Статья в журнале,Роль семьи в формировании культуры безопасности у дошкольников,,,Культура безопасности; Дошкольное образование,с. 3–12,,,,"Тимофеева Л.Л. Роль семьи в формировании культуры безопасности у дошкольников // Тимофеева Л.Л., Королева Н.И. Формирование культуры безопасности. Взаимодействие семьи и ДОО. СПб.: Детство-пресс. С. 3—12"
,Статья в сборнике,Формирование культуры безопасности у детей дошкольного возраста: основные аспекты проблемы,,,Культура безопасности; Дошкольное образование,,,,,"Тимофеева Л.Л. Формирование культуры безопасности у детей дошкольного возраста: основные аспекты проблемы // Республиканская стратегическая конференция «Образование XXI века: инновации, преобразования, развитие» Государственное образовательное учреждение дополнительного профессионального образования «Коми республиканский институт развития образования»"
